"hash";"timeStamp";"appId";"type";"subTransactions";"gas";"contract"
"0x35cc6d00da7e0f248065b6eaee5c1102d38c0535593b5146bb5478807e929f78";"1661860317";"";"";"[{"type":"incoming","symbol":"DC","amount":1159132.8991484318,"address":"0x7b4328c127b85369d9f82ca0503b000d09cf9180"},{"type":"outgoing","symbol":"ETH","amount":2.5,"address":"0x0000000000000000000000000000000000000000"}]";"0.0011279254177284";"0x68b3465833fb72a70ecdf485e0e4c7bd8665fc45"
"0x4a9b4f9a99e0c1c556bd984457c3a6dca808926b70921b0ad171c781d6abdf7c";"1661860247";"";"";"[{"type":"outgoing","symbol":"SUZUME","amount":312677807.1075064,"address":"0x0b452278223d3954f4ac050949d7998e373e7e43"},{"type":"incoming","symbol":"ETH","amount":1,"address":"0x0000000000000000000000000000000000000000"}]";"0.002391487939153808";"0x68b3465833fb72a70ecdf485e0e4c7bd8665fc45"
"0x0df130cd891c06eda3e3131e8b1c44fe2c5e06a00839c05e4515f6a8695a0057";"1661860071";"";"";"[{"type":"outgoing","symbol":"SUZUME","amount":461932980.9550162,"address":"0x0b452278223d3954f4ac050949d7998e373e7e43"},{"type":"incoming","symbol":"ETH","amount":1.5,"address":"0x0000000000000000000000000000000000000000"}]";"0.002760217772066304";"0x68b3465833fb72a70ecdf485e0e4c7bd8665fc45"
"0xaeb568ed117d2e65828b3240cdec64d6b96cf00484d6e39311d2e01f7f438951";"1661859893";"";"";"[{"type":"incoming","symbol":"DC","amount":2090457.9527650005,"address":"0x7b4328c127b85369d9f82ca0503b000d09cf9180"},{"type":"outgoing","symbol":"ETH","amount":4.5,"address":"0x0000000000000000000000000000000000000000"}]";"0.001923331813778988";"0x68b3465833fb72a70ecdf485e0e4c7bd8665fc45"
"0x463b2a0d2b1e0d7349042975506c550f269a41142abe0889717038abfe4283c2";"1661859794";"";"";"[{"type":"outgoing","symbol":"SUZUME","amount":463392387.94806254,"address":"0x0b452278223d3954f4ac050949d7998e373e7e43"},{"type":"incoming","symbol":"ETH","amount":1.5,"address":"0x0000000000000000000000000000000000000000"}]";"0.002703874475912544";"0x68b3465833fb72a70ecdf485e0e4c7bd8665fc45"
"0xe473ff0aa9c39c7c43aec0ff70e0ed16dfe00ac4fe9566e48e1a6e286320d14f";"1661859556";"";"";"[{"type":"outgoing","symbol":"SUZUME","amount":457711870.1564404,"address":"0x0b452278223d3954f4ac050949d7998e373e7e43"},{"type":"incoming","symbol":"ETH","amount":1.5,"address":"0x0000000000000000000000000000000000000000"}]";"0.001554350138380864";"0x68b3465833fb72a70ecdf485e0e4c7bd8665fc45"
"0xfc25b55daf0c8d90e3e4cdd1618f6677acc356490485bc4133c65f17f22bbe97";"1661859395";"";"";"[{"type":"outgoing","symbol":"SUZUME","amount":450344570.546277,"address":"0x0b452278223d3954f4ac050949d7998e373e7e43"},{"type":"incoming","symbol":"ETH","amount":1.5,"address":"0x0000000000000000000000000000000000000000"}]";"0.0017626960412072";"0x68b3465833fb72a70ecdf485e0e4c7bd8665fc45"
"0x8ade0f2d6afcb1a6405268ee13cf112c0ddbdc558f86f63125781fcddcd1ab39";"1661858993";"";"";"[{"type":"incoming","symbol":"DC","amount":3610760.1810957193,"address":"0x7b4328c127b85369d9f82ca0503b000d09cf9180"},{"type":"outgoing","symbol":"ETH","amount":7.7,"address":"0x0000000000000000000000000000000000000000"}]";"0.001457295316767136";"0x68b3465833fb72a70ecdf485e0e4c7bd8665fc45"
"0x28398b512800c7f1e371490b639c47741ea962b3f83318e6f9d5eb9234c20d7d";"1661858918";"";"";"[{"type":"outgoing","symbol":"SUZUME","amount":277715964.2866799,"address":"0x0b452278223d3954f4ac050949d7998e373e7e43"},{"type":"incoming","symbol":"ETH","amount":0.9,"address":"0x0000000000000000000000000000000000000000"}]";"0.002999160856702808";"0x68b3465833fb72a70ecdf485e0e4c7bd8665fc45"
"0x40a638038b36d7db03cd21850bd5f6f82b0a1e0a8e15fb488a2efa161b04c177";"1661858818";"";"";"[{"type":"outgoing","symbol":"SUZUME","amount":307691914.23103714,"address":"0x0b452278223d3954f4ac050949d7998e373e7e43"},{"type":"incoming","symbol":"ETH","amount":1,"address":"0x0000000000000000000000000000000000000000"}]";"0.003092259336043204";"0x68b3465833fb72a70ecdf485e0e4c7bd8665fc45"
"0x886accc4b4309eaa56db2e15cf12a47e6cb35507732e1ba3af3dfc42d67941d7";"1661858543";"";"";"[{"type":"outgoing","symbol":"SUZUME","amount":298141917.5431019,"address":"0x0b452278223d3954f4ac050949d7998e373e7e43"},{"type":"incoming","symbol":"ETH","amount":1,"address":"0x0000000000000000000000000000000000000000"}]";"0.002803748453570184";"0x68b3465833fb72a70ecdf485e0e4c7bd8665fc45"
"0x9b1157efe6c25c897ed19e2ee5a830a49619d798308ce99e6da6019564cf5ab4";"1661858442";"";"";"[{"type":"outgoing","symbol":"SUZUME","amount":305431205.0999724,"address":"0x0b452278223d3954f4ac050949d7998e373e7e43"},{"type":"incoming","symbol":"ETH","amount":1,"address":"0x0000000000000000000000000000000000000000"}]";"0.002901579310182244";"0x68b3465833fb72a70ecdf485e0e4c7bd8665fc45"
"0xda146b6a33f78524d3e94572082bb9cf9c30e70a7a68f045f9c36ee5fd2e309f";"1661858171";"";"";"[{"type":"outgoing","symbol":"SUZUME","amount":182690734.45134383,"address":"0x0b452278223d3954f4ac050949d7998e373e7e43"},{"type":"incoming","symbol":"ETH","amount":0.6,"address":"0x0000000000000000000000000000000000000000"}]";"0.002448112701087516";"0x68b3465833fb72a70ecdf485e0e4c7bd8665fc45"
"0xf23d78924871ef3f117f374140c3dadd18bb201bd293cde07073c75137a10dc5";"1661857990";"";"";"[{"type":"outgoing","symbol":"SUZUME","amount":208712879.12677187,"address":"0x0b452278223d3954f4ac050949d7998e373e7e43"},{"type":"incoming","symbol":"ETH","amount":0.7,"address":"0x0000000000000000000000000000000000000000"}]";"0.002127717747833568";"0x68b3465833fb72a70ecdf485e0e4c7bd8665fc45"
"0x34e99302876d54cafc33ebfc5680e4183901706d72ad17f285e1bc846bd9e6ca";"1661857742";"";"";"[{"type":"outgoing","symbol":"SUZUME","amount":292956819.0058629,"address":"0x0b452278223d3954f4ac050949d7998e373e7e43"},{"type":"incoming","symbol":"ETH","amount":1,"address":"0x0000000000000000000000000000000000000000"}]";"0.00225785259370422";"0x68b3465833fb72a70ecdf485e0e4c7bd8665fc45"
"0xe22e615cd332e74b6b2791f840e88b61c4210bdcccb82b3e0462b1eb22e51192";"1661857688";"";"";"[{"type":"outgoing","symbol":"SUZUME","amount":144399392.03891042,"address":"0x0b452278223d3954f4ac050949d7998e373e7e43"},{"type":"incoming","symbol":"ETH","amount":0.5,"address":"0x0000000000000000000000000000000000000000"}]";"0.003515743834372284";"0x68b3465833fb72a70ecdf485e0e4c7bd8665fc45"
"0xd62ee7407813dc2a1ef693fd00390ea3728b0a3f400cebf7eeab8104c9f31e42";"1661857576";"";"";"[{"type":"outgoing","symbol":"SUZUME","amount":296816333.7348835,"address":"0x0b452278223d3954f4ac050949d7998e373e7e43"},{"type":"incoming","symbol":"ETH","amount":1,"address":"0x0000000000000000000000000000000000000000"}]";"0.002494427724645888";"0x68b3465833fb72a70ecdf485e0e4c7bd8665fc45"
"0xf8ae9a9cd0bddec449f3833bceb64998b76ed9e5542180b77f1a5e6e8f85e40d";"1661854803";"";"";"[{"type":"incoming","symbol":"DC","amount":547209.1615725098,"address":"0x7b4328c127b85369d9f82ca0503b000d09cf9180"},{"type":"outgoing","symbol":"ETH","amount":1.2,"address":"0x0000000000000000000000000000000000000000"}]";"0.00092809954573731";"0x68b3465833fb72a70ecdf485e0e4c7bd8665fc45"
"0xaade0ea23b7ed54ca322611eb7fd561fb0aa56cd299aade453dfa54b0345df9f";"1661854665";"";"";"[{"type":"outgoing","symbol":"SUZUME","amount":145464232.47727373,"address":"0x0b452278223d3954f4ac050949d7998e373e7e43"},{"type":"incoming","symbol":"ETH","amount":0.5,"address":"0x0000000000000000000000000000000000000000"}]";"0.001987652289275232";"0x68b3465833fb72a70ecdf485e0e4c7bd8665fc45"
"0xb8a08cab816ab4bfa88e1eb21576a292cf2711ac8ce0ac970859bb2fa89ef074";"1661854361";"";"";"[{"type":"incoming","symbol":"DC","amount":1827223.9475637388,"address":"0x7b4328c127b85369d9f82ca0503b000d09cf9180"},{"type":"outgoing","symbol":"ETH","amount":4,"address":"0x0000000000000000000000000000000000000000"}]";"0.00089654618672142";"0x68b3465833fb72a70ecdf485e0e4c7bd8665fc45"
"0x067095f415d6495071f7c1819401b889a53727f03e8ddd301f84dd1abadeb32c";"1661854293";"";"";"[{"type":"outgoing","symbol":"SUZUME","amount":201342427.5354542,"address":"0x0b452278223d3954f4ac050949d7998e373e7e43"},{"type":"incoming","symbol":"ETH","amount":0.7,"address":"0x0000000000000000000000000000000000000000"}]";"0.001636051673367696";"0x68b3465833fb72a70ecdf485e0e4c7bd8665fc45"
"0x25d825a71c20eede842c414a711a62f10d50206ba65fcc8aa8267e7112a40008";"1661854248";"";"";"[{"type":"outgoing","symbol":"SUZUME","amount":142194928.8387662,"address":"0x0b452278223d3954f4ac050949d7998e373e7e43"},{"type":"incoming","symbol":"ETH","amount":0.5,"address":"0x0000000000000000000000000000000000000000"}]";"0.001635638275121768";"0x68b3465833fb72a70ecdf485e0e4c7bd8665fc45"
"0x1cfb51967371b4522834a46727ff2654117a9256b37dd4a815d30d31a612a9e2";"1661854163";"";"";"[{"type":"outgoing","symbol":"SUZUME","amount":140865150.41610622,"address":"0x0b452278223d3954f4ac050949d7998e373e7e43"},{"type":"incoming","symbol":"ETH","amount":0.5,"address":"0x0000000000000000000000000000000000000000"}]";"0.00175371474312274";"0x68b3465833fb72a70ecdf485e0e4c7bd8665fc45"
"0xad7ff503990ccbde4e65f911fa54642bb9f0ec03ef71918c55f3c7559b7df4ca";"1661854016";"";"";"[{"type":"outgoing","symbol":"SUZUME","amount":428168447.3725665,"address":"0x0b452278223d3954f4ac050949d7998e373e7e43"},{"type":"incoming","symbol":"ETH","amount":1.5,"address":"0x0000000000000000000000000000000000000000"}]";"0.001396891519764224";"0x68b3465833fb72a70ecdf485e0e4c7bd8665fc45"
"0x24421ef169aaccc4bbbbbe4eae5a7e707bf0f327445854acf476bb0a0f61e376";"1661853890";"";"";"[{"type":"outgoing","symbol":"SUZUME","amount":278823621.85527116,"address":"0x0b452278223d3954f4ac050949d7998e373e7e43"},{"type":"incoming","symbol":"ETH","amount":1,"address":"0x0000000000000000000000000000000000000000"}]";"0.001492199533779724";"0x68b3465833fb72a70ecdf485e0e4c7bd8665fc45"
"0x76c34ea93da6803de9b3c4f3b389aa395fe858baddb8c93aa81d0aad6868302c";"1661853848";"";"";"[{"type":"outgoing","symbol":"SUZUME","amount":139063129.18265998,"address":"0x0b452278223d3954f4ac050949d7998e373e7e43"},{"type":"incoming","symbol":"ETH","amount":0.5,"address":"0x0000000000000000000000000000000000000000"}]";"0.001679724304539588";"0x68b3465833fb72a70ecdf485e0e4c7bd8665fc45"
"0x6292a9b93d0cb4ba0c69f3d81b0beff58198a2cad52d843986066eb69de96561";"1661852265";"";"";"[{"type":"incoming","symbol":"DC","amount":3388950.0483966516,"address":"0x7b4328c127b85369d9f82ca0503b000d09cf9180"},{"type":"outgoing","symbol":"ETH","amount":7.2,"address":"0x0000000000000000000000000000000000000000"}]";"0.002199543881561124";"0x68b3465833fb72a70ecdf485e0e4c7bd8665fc45"
"0x999f414837dfd2bae5de88abdef72bf439e57857851a1438c27700aa43efe982";"1661852122";"";"";"[{"type":"outgoing","symbol":"ETH","amount":7.2,"address":"0x0000000000000000000000000000000000000000"}]";"0.002559704569459544";"0x68b3465833fb72a70ecdf485e0e4c7bd8665fc45"
"0x50de59d1c4ba47c36f52ecdde1726e99dd3cd6bab9c1b770686433a43147e4e6";"1661851883";"";"";"[{"type":"outgoing","symbol":"ETH","amount":7.2,"address":"0x0000000000000000000000000000000000000000"}]";"0.00204386991984795";"0x68b3465833fb72a70ecdf485e0e4c7bd8665fc45"
"0x5a8292c925c1fb97918382fc80ea021367415277e16141622b82e779a41b89e6";"1661851746";"";"";"[{"type":"outgoing","symbol":"ETH","amount":7.1,"address":"0x0000000000000000000000000000000000000000"}]";"0.00205542404217388";"0x68b3465833fb72a70ecdf485e0e4c7bd8665fc45"
"0xedc555c6c1fc46c6b5e33c2d98b9145f72100e008d029a295914f4bdd12511f9";"1661850674";"";"";"[{"type":"outgoing","symbol":"SUZUME","amount":233147626.8860837,"address":"0x0b452278223d3954f4ac050949d7998e373e7e43"},{"type":"incoming","symbol":"ETH","amount":0.8,"address":"0x0000000000000000000000000000000000000000"}]";"0.00285660549111326";"0x68b3465833fb72a70ecdf485e0e4c7bd8665fc45"
"0xc7268fb096ce4d7be0f510f93be2bb28502beaa21c48421bf9b1a71934e6af23";"1661850400";"";"";"[{"type":"outgoing","symbol":"SUZUME","amount":286497116.26659477,"address":"0x0b452278223d3954f4ac050949d7998e373e7e43"},{"type":"incoming","symbol":"ETH","amount":1,"address":"0x0000000000000000000000000000000000000000"}]";"0.002362331248106528";"0x68b3465833fb72a70ecdf485e0e4c7bd8665fc45"
"0x87eeeb096d38f34aa8794bad2404c72d471ae83acda80fc7220f05bbf0c78e73";"1661850029";"";"";"[{"type":"outgoing","symbol":"SUZUME","amount":424057189.1135233,"address":"0x0b452278223d3954f4ac050949d7998e373e7e43"},{"type":"incoming","symbol":"ETH","amount":1.5,"address":"0x0000000000000000000000000000000000000000"}]";"0.002084807403864416";"0x68b3465833fb72a70ecdf485e0e4c7bd8665fc45"
"0x273fe263124706a6b559192c52fe4f4321e75d39cbfafa26a0a3c1cf4b754b35";"1661849562";"";"";"[{"type":"outgoing","symbol":"SUZUME","amount":424819430.1075665,"address":"0x0b452278223d3954f4ac050949d7998e373e7e43"},{"type":"incoming","symbol":"ETH","amount":1.5,"address":"0x0000000000000000000000000000000000000000"}]";"0.003177370262942656";"0x68b3465833fb72a70ecdf485e0e4c7bd8665fc45"
"0x1d31882edd5e95980459da79da6dd3bf633ec0c9f2f634d624e3500643a8b3a8";"1661849333";"";"";"[{"type":"outgoing","symbol":"SUZUME","amount":279299262.7799981,"address":"0x0b452278223d3954f4ac050949d7998e373e7e43"},{"type":"incoming","symbol":"ETH","amount":1,"address":"0x0000000000000000000000000000000000000000"}]";"0.002373221628949568";"0x68b3465833fb72a70ecdf485e0e4c7bd8665fc45"
"0x61a7c61918b001e49c6883c5af40adb54570b00cee896f4302bf9873f8df45cb";"1661848770";"";"";"[{"type":"outgoing","symbol":"SUZUME","amount":419453020.06849277,"address":"0x0b452278223d3954f4ac050949d7998e373e7e43"},{"type":"incoming","symbol":"ETH","amount":1.5,"address":"0x0000000000000000000000000000000000000000"}]";"0.003325107916742304";"0x68b3465833fb72a70ecdf485e0e4c7bd8665fc45"
"0xb5d7f66d8ee347a4af8a8a248e7f4142ae10204304e1de951edfd7bfb1c7a756";"1660880407";"";"";"[{"type":"incoming","symbol":"KENJI","amount":15743832.480169082,"address":"0x1641ac02177d0d906563e65a100160cc6a367441"}]";"0.002594257565905125";"0x4d5085738621cb65f4009590853b241fbb1588da"
"0x919b044b4a9ddac302cb33a5b812b6b8992e633545c1069334a47b16bbecee4c";"1660805176";"";"";"[{"type":"incoming","symbol":"SHIT3","amount":7460536.228049122,"address":"0xc1de3961948af49171b7eb762ec8fb56c02440e1"}]";"0.001256453";"0x8d4d16a76f0d73613b69a2d7b138929fc325de4a"
"0xac055c5cc6fae540c4c8d3ff7cd179bd14145d6c1418ce3dc36005e1d1e667b2";"1660779197";"";"";"[{"type":"incoming","symbol":"TSUTSU","amount":10308689.709848082,"address":"0x922626b4398e5344ba93f68ba5adeda5b0756d45"}]";"0.00114293";"0xb7d10b44a68e7fbc09c65bd6099263653314fdde"
"0xe94033912daa427198163eb801f2d96250111966b35d8b0d22bd959bfe285c2f";"1660724856";"";"";"[{"type":"incoming","symbol":"DC","amount":22887804.4778763,"address":"0x43b1dc35ec0fe8247d80a056de5ae1e1726b4f01"}]";"0.00114293";"0xe3adc1c6a2dfe90a0d239ea7bfc1bb746053134d"
"0xfc16cf5a2c1337250098989e1a93384b814e404f753cf5a1c86ab0af9a510310";"1660713756";"";"";"[{"type":"incoming","symbol":"KENJI","amount":33.48596494197467,"address":"0x99fb82b959f5b90646ea707d81571c04118d27ba"}]";"0.002232171288691344";"0xe8986178e7ea1cac1ebcf15d0beb883705834d57"
"0x26dc00297005f8c76519056b650ca2184185349df0d0d32ef9fec5ac491c419e";"1660713547";"";"";"[{"type":"incoming","symbol":"KENJI","amount":85.86994085722256,"address":"0x99fb82b959f5b90646ea707d81571c04118d27ba"}]";"0.008935541671337985";"0xe8986178e7ea1cac1ebcf15d0beb883705834d57"
"0xdac91cec9894c7ed37e715e24fd7987d9e184b4691a842ea77cb960878eb9a5e";"1660694274";"";"";"[{"type":"incoming","symbol":"CHOSEN","amount":13021150.341368891,"address":"0xd092052b68ee6a6e047e8e426a660e5b73d3f973"}]";"0.001072859944249687";"0x75f1bb06a2db362516362c90afab754d64741ae4"
"0x17d36920cf174fd0bb70012f85da04e46aa821a086ba909da12fc35e05b20a65";"1660690161";"";"";"[{"type":"incoming","symbol":"CHOSEN","amount":1244538806.7768831,"address":"0xd092052b68ee6a6e047e8e426a660e5b73d3f973"}]";"0.001371161";"0x75f1bb06a2db362516362c90afab754d64741ae4"
"0x7918a2503a33e54ce5b5dca30ff820a06e44d0a768f288b8ac0e02551325cd8f";"1660674736";"";"";"[{"type":"incoming","symbol":"DC","amount":115029209.49081443,"address":"0xf6023b53d7e10effe8ca16b06d9345bacbfa3d3c"}]";"0.001827568";"0x88401510d3ba9718f1e23cfeca90820719d6040e"
"0x0f5cbe9a5db30cfc5c50b71164ad576a87bbe2008a10ac4e7bae51c25b8257fa";"1660455721";"";"";"[{"type":"incoming","symbol":"TSUKA2","amount":944627.3215411318,"address":"0x29130833419d6ed2428e2e679c1c9b2532575643"}]";"0.00080059";"0x55b0c75a5b0b566542c190eff8085616d978d502"
"0xa9d546da6314af41ae88adf8a53dd788ff5a66c6b4d69e6c6773cfa14c127d2c";"1660396395";"";"";"[{"type":"incoming","symbol":"SUZUME","amount":189045471.41893664,"address":"0x0b452278223d3954f4ac050949d7998e373e7e43"},{"type":"outgoing","symbol":"ETH","amount":0.3,"address":"0x0000000000000000000000000000000000000000"}]";"0.00187160040583812";"0x68b3465833fb72a70ecdf485e0e4c7bd8665fc45"
"0xb4495952b341f5cefa58de6b6734e226b02c15fe19ac60335dde2cb4b8bb5913";"1660396347";"";"";"[{"type":"outgoing","symbol":"ETH","amount":0.3,"address":"0x0000000000000000000000000000000000000000"}]";"0.002388192770216112";"0x68b3465833fb72a70ecdf485e0e4c7bd8665fc45"
"0x5dae59c690a8f9ab9377327db88cbf7fafdf0372ae6f5c5be24d2210c660ece3";"1660396217";"";"";"[{"type":"incoming","symbol":"ETH","amount":0.26540432,"address":"0x0000000000000000000000000000000000000000"}]";"0.000194877505704";"0x9696f59e4d72e237be84ffd425dcad154bf96976"
"0x5b10766cdcf51859f3dba4df2d72c58ab5cdc453cbbfde8c3ded704daad771c6";"1660368536";"";"";"[{"type":"incoming","symbol":"BODHI","amount":5153861.678224754,"address":"0xa7e2ee3fe835e08655ac4bfa3b022b6c016ada01"}]";"0.001486966";"0x658bc9a536b299576073d9ec530f9529020c36fd"
"0xa4bc3a2c9ceecbf3986ce3c55fb97deff9c18de02e6085a93cb6385facc07a0f";"1660017047";"";"";"[{"type":"incoming","symbol":"SUZUME","amount":60196572.70651601,"address":"0x0b452278223d3954f4ac050949d7998e373e7e43"},{"type":"outgoing","symbol":"ETH","amount":0.1,"address":"0x0000000000000000000000000000000000000000"}]";"0.00196238284174134";"0x68b3465833fb72a70ecdf485e0e4c7bd8665fc45"
"0xa8608a873863cfd8679d27a6cba7a6ae3aa8e0598714732ebeb54f2d438e18e4";"1659975352";"";"";"[{"type":"incoming","symbol":"SUZUME","amount":77180853.28082968,"address":"0x0b452278223d3954f4ac050949d7998e373e7e43"},{"type":"outgoing","symbol":"ETH","amount":0.129,"address":"0x0000000000000000000000000000000000000000"}]";"0.005451643627190976";"0x68b3465833fb72a70ecdf485e0e4c7bd8665fc45"
"0x566c0463595871e624f767b377094bd47f16b9f49bbea1159cb16feecdc09629";"1659975217";"";"";"[{"type":"outgoing","symbol":"ETH","amount":0.129,"address":"0x0000000000000000000000000000000000000000"}]";"0.009552104738614028";"0x68b3465833fb72a70ecdf485e0e4c7bd8665fc45"
"0xb7efcdbe0e80c05bed95653cc748a47579ab79ab9b217546ae6b557ac2c1ed15";"1659970009";"";"";"[{"type":"incoming","symbol":"SUZUME","amount":467735472.90322864,"address":"0x0b452278223d3954f4ac050949d7998e373e7e43"},{"type":"outgoing","symbol":"ETH","amount":0.8,"address":"0x0000000000000000000000000000000000000000"}]";"0.003604534522453248";"0x68b3465833fb72a70ecdf485e0e4c7bd8665fc45"
"0x7ebe727f887a1a09b830e378c2c1026f715133311a16788def4ca24645ae3150";"1659969846";"";"";"[{"type":"outgoing","symbol":"ETH","amount":1,"address":"0x0000000000000000000000000000000000000000"}]";"0.003570460863082696";"0x68b3465833fb72a70ecdf485e0e4c7bd8665fc45"
"0x0395f7fca46046ccbcda9559c2e3ea1694d352e0c3b0162262c5320d10ada7da";"1659933945";"";"";"[{"type":"incoming","symbol":"SUZUME","amount":1827007704.077815,"address":"0x0b452278223d3954f4ac050949d7998e373e7e43"},{"type":"outgoing","symbol":"ETH","amount":2,"address":"0x0000000000000000000000000000000000000000"}]";"0.001235487433096704";"0x68b3465833fb72a70ecdf485e0e4c7bd8665fc45"
"0xfa6f84511728eb206db5d8632ab727653a8c67a2d7873795a64b94059149ca8d";"1659933722";"";"";"[{"type":"outgoing","symbol":"TSUKA","amount":232578.729102836,"address":"0xc5fb36dd2fb59d3b98deff88425a3f425ee469ed"},{"type":"incoming","symbol":"ETH","amount":3.078724507115996,"address":"0x0000000000000000000000000000000000000000"}]";"0.001473731629502692";"0x68b3465833fb72a70ecdf485e0e4c7bd8665fc45"
"0xa2a1284cd51b781d85bc8d147675057efc740e3db461c3e540512f12fb991a52";"1659895582";"";"";"[{"type":"incoming","symbol":"SUZUME","amount":2487221515.693923,"address":"0x0b452278223d3954f4ac050949d7998e373e7e43"},{"type":"outgoing","symbol":"ETH","amount":2.5,"address":"0x0000000000000000000000000000000000000000"}]";"0.002969469165830208";"0x68b3465833fb72a70ecdf485e0e4c7bd8665fc45"
"0xe675caaa290e11b9a90ee5657b57b0272a35d5d4c8ebfca00596dafbeb820d58";"1659895522";"";"";"[{"type":"outgoing","symbol":"TSUKA","amount":36372.067427774,"address":"0xc5fb36dd2fb59d3b98deff88425a3f425ee469ed"},{"type":"outgoing","symbol":"TSUKA","amount":146019.455160865,"address":"0xc5fb36dd2fb59d3b98deff88425a3f425ee469ed"},{"type":"incoming","symbol":"ETH","amount":2.5000000001260982,"address":"0x0000000000000000000000000000000000000000"}]";"0.005671651217612848";"0x68b3465833fb72a70ecdf485e0e4c7bd8665fc45"
"0x27ca7ffe8ab260ea167034b8c9f4571a136bf71c6012a466f4696d0b2fc85f4b";"1659888288";"";"";"[{"type":"incoming","symbol":"SUZUME","amount":2134031674.1195564,"address":"0x0b452278223d3954f4ac050949d7998e373e7e43"},{"type":"outgoing","symbol":"ETH","amount":1.95,"address":"0x0000000000000000000000000000000000000000"}]";"0.001947774682313664";"0x68b3465833fb72a70ecdf485e0e4c7bd8665fc45"
"0x7bf2bfcefbde3945926061e93d7a134f16595795d7bcda8c11bb782bcad0db96";"1659888174";"";"";"[{"type":"outgoing","symbol":"TSUKA","amount":6445.248914829,"address":"0xc5fb36dd2fb59d3b98deff88425a3f425ee469ed"},{"type":"outgoing","symbol":"TSUKA","amount":25810.143989386,"address":"0xc5fb36dd2fb59d3b98deff88425a3f425ee469ed"},{"type":"outgoing","symbol":"TSUKA","amount":97422.633120809,"address":"0xc5fb36dd2fb59d3b98deff88425a3f425ee469ed"},{"type":"incoming","symbol":"ETH","amount":2.0000000001166707,"address":"0x0000000000000000000000000000000000000000"}]";"0.005700267236109676";"0x68b3465833fb72a70ecdf485e0e4c7bd8665fc45"
"0xb76efb25f226adfbd6fc408631f8928e6d3f8d1a3d891edf2c155f12a938c724";"1659874523";"";"";"[{"type":"incoming","symbol":"SUZUME","amount":2510012898.8994923,"address":"0x0b452278223d3954f4ac050949d7998e373e7e43"},{"type":"outgoing","symbol":"ETH","amount":1.5,"address":"0x0000000000000000000000000000000000000000"}]";"0.003084661737726336";"0x68b3465833fb72a70ecdf485e0e4c7bd8665fc45"
"0x941e588adf74ca040846153fae93745f0b661873f66ad49ae323f5add15303ae";"1659873619";"";"";"[{"type":"incoming","symbol":"SUZUME","amount":2737940871.0172844,"address":"0x0b452278223d3954f4ac050949d7998e373e7e43"},{"type":"outgoing","symbol":"ETH","amount":1.5,"address":"0x0000000000000000000000000000000000000000"}]";"0.001236825342396168";"0x68b3465833fb72a70ecdf485e0e4c7bd8665fc45"
"0x1d23da7c6877694eea442e6fd52c7c05a59ff1035c6bc989cb6313c39a6fa1f3";"1659873448";"";"";"[{"type":"outgoing","symbol":"TSUKA","amount":28084.274118489,"address":"0xc5fb36dd2fb59d3b98deff88425a3f425ee469ed"},{"type":"outgoing","symbol":"TSUKA","amount":159141.880398043,"address":"0xc5fb36dd2fb59d3b98deff88425a3f425ee469ed"},{"type":"incoming","symbol":"ETH","amount":3.0000000002997305,"address":"0x0000000000000000000000000000000000000000"}]";"0.00229244707924195";"0x68b3465833fb72a70ecdf485e0e4c7bd8665fc45"
"0x5b2a288c0f493a1a8199a0a7efe48326c9641bcd804075fca6ecee7f304e3cbc";"1658207910";"";"";"[{"type":"incoming","symbol":"TSUKA","amount":4444.970720677,"address":"0xc5fb36dd2fb59d3b98deff88425a3f425ee469ed"},{"type":"outgoing","symbol":"ETH","amount":0.1,"address":"0x0000000000000000000000000000000000000000"}]";"0.004909375522323173";"0x68b3465833fb72a70ecdf485e0e4c7bd8665fc45"
"0xa2a89ef2ec8382aeb8b9ef32818034f8ef05956f54a2116056d1c5a9072ac84d";"1658207563";"";"";"[{"type":"outgoing","symbol":"ETH","amount":0.1,"address":"0x0000000000000000000000000000000000000000"}]";"0.004406221027781958";"0x68b3465833fb72a70ecdf485e0e4c7bd8665fc45"
"0x5ffb20cfa394f7114dd0f889f61698146d56b5ead9e1d5c7a3148b0e01182b20";"1658207434";"";"";"[{"type":"outgoing","symbol":"ETH","amount":0.1,"address":"0x0000000000000000000000000000000000000000"}]";"0.003617136176518788";"0x68b3465833fb72a70ecdf485e0e4c7bd8665fc45"
"0xdeb07835c6299e104aee3f7917de022d2dc4c6381e88a2acd2712b7bd2557f90";"1658207317";"";"";"[{"type":"outgoing","symbol":"ETH","amount":0.0777,"address":"0x0000000000000000000000000000000000000000"}]";"0.00362814009567895";"0x68b3465833fb72a70ecdf485e0e4c7bd8665fc45"
"0x6ccd3a5be71d246fd766c97031d757ad0e6a0e4b1f84bfb2b3b234c3d8230bdf";"1658207220";"";"";"[{"type":"outgoing","symbol":"ETH","amount":0.0777,"address":"0x0000000000000000000000000000000000000000"}]";"0.00396740239912887";"0x68b3465833fb72a70ecdf485e0e4c7bd8665fc45"
"0xfe4bfcc0311586f2e43a132fa788b0791c2016e602f0f5265a5435940977dacc";"1658163535";"";"";"[{"type":"incoming","symbol":"TSUKA","amount":727429.461512354,"address":"0xc5fb36dd2fb59d3b98deff88425a3f425ee469ed"},{"type":"outgoing","symbol":"USDT","amount":17724.964636,"address":"0xdac17f958d2ee523a2206206994597c13d831ec7"}]";"0.007585347608023785";"0x68b3465833fb72a70ecdf485e0e4c7bd8665fc45"
"0xacf8f02f4918d2b42b16a308ba59dd9b3404e0743184171fbee797752d679cb4";"1658055968";"";"";"[{"type":"outgoing","symbol":"USDT","amount":203.447131,"address":"0xdac17f958d2ee523a2206206994597c13d831ec7"},{"type":"incoming","symbol":"ETH","amount":0.15,"address":"0x0000000000000000000000000000000000000000"}]";"0.001597128691082912";"0x68b3465833fb72a70ecdf485e0e4c7bd8665fc45"
"0xb2ea6720b5651ef08f1814510dc53d7154c11c3797588cc14b6a8f69f5bcee80";"1657953663";"";"";"[{"type":"incoming","symbol":"$ AaveReward.com","amount":800,"address":"0x39cf57b4decb8ae3dec0dfca1e2ea2c320416288"}]";"0.135410964";"0x39cf57b4decb8ae3dec0dfca1e2ea2c320416288"
"0x463625d609f51fe8a56b8d6fadbdb63a627abf694dba3ff60deb0317c7a2ed77";"1657902457";"";"";"[{"type":"incoming","symbol":"USDT","amount":13460.64546,"address":"0xdac17f958d2ee523a2206206994597c13d831ec7"},{"type":"outgoing","symbol":"Metis","amount":591.7607514653149,"address":"0x9e32b13ce7f2e80a01932b42553652e053d6ed8e"},{"type":"incoming","symbol":"USDT","amount":4467.766306,"address":"0xdac17f958d2ee523a2206206994597c13d831ec7"},{"type":"outgoing","symbol":"Metis","amount":197.25358382177163,"address":"0x9e32b13ce7f2e80a01932b42553652e053d6ed8e"}]";"0.021824974317773197";"0x68b3465833fb72a70ecdf485e0e4c7bd8665fc45"
"0x7d5c9031361a54f1fe30e52dac875d380e4d0c4dec859892ab464c79327563ce";"1657778567";"";"";"[{"type":"incoming","symbol":"Metis","amount":153.27,"address":"0x9e32b13ce7f2e80a01932b42553652e053d6ed8e"},{"type":"incoming","symbol":"Metis","amount":82.53,"address":"0x9e32b13ce7f2e80a01932b42553652e053d6ed8e"},{"type":"outgoing","symbol":"ETH","amount":4.48106523102308,"address":"0x0000000000000000000000000000000000000000"}]";"0.002390096406300036";"0x68b3465833fb72a70ecdf485e0e4c7bd8665fc45"
"0xcd7e40f4f40d60f62ee8ea59e0d6791caf2a398ebdeffebab5e12541f70d6717";"1657777835";"";"";"[{"type":"incoming","symbol":"ETH","amount":4.48304456,"address":"0x0000000000000000000000000000000000000000"}]";"0.000357165025875";"0x9696f59e4d72e237be84ffd425dcad154bf96976"
"0xb8f7a4392f18cab9499cf9059ed83eef21a1d5bd052d01ade3e56f29d32c5efd";"1657432062";"";"";"[{"type":"incoming","symbol":"Metis","amount":359.33473706036807,"address":"0x9e32b13ce7f2e80a01932b42553652e053d6ed8e"},{"type":"outgoing","symbol":"USDT","amount":8103.685593,"address":"0xdac17f958d2ee523a2206206994597c13d831ec7"},{"type":"incoming","symbol":"Metis","amount":193.87959822671849,"address":"0x9e32b13ce7f2e80a01932b42553652e053d6ed8e"},{"type":"outgoing","symbol":"USDT","amount":4363.523012,"address":"0xdac17f958d2ee523a2206206994597c13d831ec7"}]";"0.002585485529963772";"0x68b3465833fb72a70ecdf485e0e4c7bd8665fc45"
"0xf279fcc5ebf186caea6b0552707cabd6f0a51cc9c1460b685f584c7289c841a4";"1657260322";"";"";"[{"type":"incoming","symbol":"ETH","amount":0.1114,"address":"0x0000000000000000000000000000000000000000"}]";"0.00033941860533";"0x21a31ee1afc51d94c2efccaa2092ad1028285549"
"0x783ef83c19b25faba957b6f69589b72a4519c3d7764f17f6fd07b2ac376a229b";"1657223027";"";"";"[{"type":"incoming","symbol":"USDT","amount":9360.733404,"address":"0xdac17f958d2ee523a2206206994597c13d831ec7"},{"type":"outgoing","symbol":"Metis","amount":421.5,"address":"0x9e32b13ce7f2e80a01932b42553652e053d6ed8e"},{"type":"incoming","symbol":"USDT","amount":3106.475202,"address":"0xdac17f958d2ee523a2206206994597c13d831ec7"},{"type":"outgoing","symbol":"Metis","amount":140.5,"address":"0x9e32b13ce7f2e80a01932b42553652e053d6ed8e"}]";"0.02532557841802825";"0x68b3465833fb72a70ecdf485e0e4c7bd8665fc45"
"0x9213b46c8f66dc31e00021fb1dfa2d9eac73475cce4cbdf8a6d593249eb9cde2";"1656428919";"";"";"[{"type":"incoming","symbol":"Metis","amount":95,"address":"0x9e32b13ce7f2e80a01932b42553652e053d6ed8e"},{"type":"incoming","symbol":"ETH","amount":0.02689583679023319,"address":"0x0000000000000000000000000000000000000000"},{"type":"outgoing","symbol":"ETH","amount":1.9924733551885967,"address":"0x0000000000000000000000000000000000000000"}]";"0.005825400743678274";"0x68b3465833fb72a70ecdf485e0e4c7bd8665fc45"
"0x0da000ae2b143b038ead2a7541a207579eabf86be5cbb7d0aef65691929f5048";"1656428753";"";"";"[{"type":"incoming","symbol":"ETH","amount":1.9654721,"address":"0x0000000000000000000000000000000000000000"}]";"0.000794821357029";"0x4976a4a02f38326660d17bf34b431dc6e2eb2327"
"0x8ca6253b718f890119e345341cd8fae694121c43d9489bfaca086ea7f6118369";"1656017033";"";"";"[{"type":"incoming","symbol":"Metis","amount":80,"address":"0x9e32b13ce7f2e80a01932b42553652e053d6ed8e"},{"type":"incoming","symbol":"ETH","amount":0.008541413102352733,"address":"0x0000000000000000000000000000000000000000"},{"type":"outgoing","symbol":"ETH","amount":1.3098448301715937,"address":"0x0000000000000000000000000000000000000000"}]";"0.007945927869664166";"0x68b3465833fb72a70ecdf485e0e4c7bd8665fc45"
"0xc32ecefcddef29812552afbdcb413b4f51248b596e826fcdac113d2c6c5c42d3";"1656016392";"";"";"[{"type":"incoming","symbol":"ETH","amount":1.32103616,"address":"0x0000000000000000000000000000000000000000"}]";"0.001636431139056";"0x28c6c06298d514db089934071355e5743bf21d60"
"0x01838e1c089fa6a6ea49cbe9fad2a7f9c72d865dfe7885e0b1a14b32f93301fc";"1655655296";"";"";"[{"type":"incoming","symbol":"Metis","amount":70,"address":"0x9e32b13ce7f2e80a01932b42553652e053d6ed8e"},{"type":"incoming","symbol":"ETH","amount":0.005336621531777615,"address":"0x0000000000000000000000000000000000000000"},{"type":"outgoing","symbol":"ETH","amount":1.0726609278873007,"address":"0x0000000000000000000000000000000000000000"}]";"0.00451396055860066";"0x68b3465833fb72a70ecdf485e0e4c7bd8665fc45"
"0x258de666d2972fa10ccf26e8cacce648e86c0e0389bf95957375c909c4885287";"1655655179";"";"";"[{"type":"incoming","symbol":"ETH","amount":1.04895078,"address":"0x0000000000000000000000000000000000000000"}]";"0.001523719656249";"0x21a31ee1afc51d94c2efccaa2092ad1028285549"
"0x9dd9b7fef9e2470aecdd3178ccc69b925de6bdf9262541a3db77a1518af33703";"1655314167";"";"";"[{"type":"incoming","symbol":"Metis","amount":310,"address":"0x9e32b13ce7f2e80a01932b42553652e053d6ed8e"},{"type":"incoming","symbol":"ETH","amount":0.02262774081070408,"address":"0x0000000000000000000000000000000000000000"},{"type":"outgoing","symbol":"ETH","amount":4.548175902951519,"address":"0x0000000000000000000000000000000000000000"}]";"0.008718862393089912";"0x68b3465833fb72a70ecdf485e0e4c7bd8665fc45"
"0xc1c45208d5170be7d4d2b515a8efe67f42dcc2ebea6eb0cdb3d3b66608aea279";"1655313657";"";"";"[{"type":"incoming","symbol":"ETH","amount":4.4103636,"address":"0x0000000000000000000000000000000000000000"}]";"0.001936881517914";"0x56eddb7aa87536c09ccc2793473599fd21a8b17f"
"0x1795f2987781d1448bfcec3e259e8f9e82f3e1cb66ad0a5a77653ebb57a7dc43";"1655313266";"";"";"[{"type":"incoming","symbol":"ETH","amount":0.0184,"address":"0x0000000000000000000000000000000000000000"}]";"0.00148218803544";"0x4976a4a02f38326660d17bf34b431dc6e2eb2327"
"0x1c9510d28958fa84afa177c35507d2e929a829979f140d26c988694d0870fd28";"1645184122";"";"";"[{"type":"outgoing","symbol":"BABYBIDEN","amount":20381197323605190,"address":"0x507aaf5d24a9c6d3dada7a13dc6a07eb49c5e9a8"},{"type":"incoming","symbol":"ETH","amount":0.12231088937024141,"address":"0x0000000000000000000000000000000000000000"}]";"0.02197486673618543";"0x68b3465833fb72a70ecdf485e0e4c7bd8665fc45"
"0xf505e524fb2adb8cefc409e1fff86438bce2f2bb1b4d72e8787a66f05c0446dd";"1645183455";"";"";"[{"type":"incoming","symbol":"BABYBIDEN","amount":23074091586327140,"address":"0x507aaf5d24a9c6d3dada7a13dc6a07eb49c5e9a8"},{"type":"outgoing","symbol":"ETH","amount":0.22,"address":"0x0000000000000000000000000000000000000000"}]";"0.014670560733875394";"0x68b3465833fb72a70ecdf485e0e4c7bd8665fc45"
"0x9fbbbf54a519c8c2094c2cc0aefe6faa4719ffd40ea8f2469ba38fa208cd997d";"1645183383";"";"";"[{"type":"outgoing","symbol":"ETH","amount":0.25,"address":"0x0000000000000000000000000000000000000000"}]";"0.013945012709832852";"0x68b3465833fb72a70ecdf485e0e4c7bd8665fc45"
"0x3198fcb354ea7f303329c004f1e0f3ddf723bf58a0c3c88e646ce669e291f1b7";"1645179474";"";"";"[{"type":"incoming","symbol":"BabyTrump","amount":9258895176148.166,"address":"0x357f69d1e20419083147b00f7609bbbababdf391"},{"type":"outgoing","symbol":"ETH","amount":0.25,"address":"0x0000000000000000000000000000000000000000"}]";"0.01979861783498938";"0x68b3465833fb72a70ecdf485e0e4c7bd8665fc45"
"0xff92d0064281a65d14fe34e10378739dfe6834ec049929f585124e12f9121d14";"1645179373";"";"";"[{"type":"outgoing","symbol":"ETH","amount":0.15,"address":"0x0000000000000000000000000000000000000000"}]";"0.02635592028229388";"0x68b3465833fb72a70ecdf485e0e4c7bd8665fc45"
"0x194d9649e4e4163cd59c9c46eb73f468447e0310f4a8da7684723d486d251435";"1645179096";"";"";"[{"type":"outgoing","symbol":"ETH","amount":0.05,"address":"0x0000000000000000000000000000000000000000"}]";"0.020183808798194952";"0x68b3465833fb72a70ecdf485e0e4c7bd8665fc45"
"0x9e2d51674ec44aaca6c562666ea007d14c4592787bc889fcae24cd6f36f145be";"1645178269";"";"";"[{"type":"outgoing","symbol":"ETH","amount":0.55,"address":"0x0000000000000000000000000000000000000000"}]";"0.021659520063306154";"0x68b3465833fb72a70ecdf485e0e4c7bd8665fc45"
"0xf1cd2bcdf3cd5f27bb4f878b0eae7bd866b4ed4e2c8dc3e4ce76b0dc22db3eac";"1645176028";"";"";"[{"type":"incoming","symbol":"ETH","amount":0.65144117,"address":"0x0000000000000000000000000000000000000000"}]";"0.003969";"0x28c6c06298d514db089934071355e5743bf21d60"
"0x2d165fd2e86cdbf0a28405fd6017430c3ac75f2c7cdee25a522bce12635171a8";"1643437271";"";"";"[{"type":"incoming","symbol":"Metis","amount":7,"address":"0x9e32b13ce7f2e80a01932b42553652e053d6ed8e"},{"type":"outgoing","symbol":"ETH","amount":0.37068478350464107,"address":"0x0000000000000000000000000000000000000000"}]";"0.012153386229036445";"0x68b3465833fb72a70ecdf485e0e4c7bd8665fc45"
"0x5d15237a6c3dcb3e74e2fb2905c46e9d9d3898b2ba747b205af716da41602c99";"1643436816";"";"";"[{"type":"outgoing","symbol":"SHINSEI","amount":10647525428.434711,"address":"0x70d8cf9391d661804ed413874f02f569e388c44c"},{"type":"incoming","symbol":"ETH","amount":0.3712634426017092,"address":"0x0000000000000000000000000000000000000000"}]";"0.025244316771533007";"0x68b3465833fb72a70ecdf485e0e4c7bd8665fc45"
"0x5dc6ffa8a0e09d98a4154da75061b26a8de24385e0bed6803c31195d9ba5d317";"1643406604";"";"";"[{"type":"incoming","symbol":"SHINSEI","amount":12380843521.435709,"address":"0x70d8cf9391d661804ed413874f02f569e388c44c"},{"type":"outgoing","symbol":"ETH","amount":0.9,"address":"0x0000000000000000000000000000000000000000"}]";"0.01982175399456973";"0x68b3465833fb72a70ecdf485e0e4c7bd8665fc45"
"0x7ad8de933ee72d0616b471350d870cff70e26d6165998dbca5c7182d49016add";"1643406533";"";"";"[{"type":"outgoing","symbol":"ETH","amount":0.9,"address":"0x0000000000000000000000000000000000000000"}]";"0.021828868478193895";"0x68b3465833fb72a70ecdf485e0e4c7bd8665fc45"
"0xc234910c70daad92e0cb6e9072d207c09d029d036b461976b29e5acc9caaa37f";"1643406432";"";"";"[{"type":"outgoing","symbol":"Metis","amount":19.049563606071963,"address":"0x9e32b13ce7f2e80a01932b42553652e053d6ed8e"},{"type":"incoming","symbol":"ETH","amount":0.9919225823203438,"address":"0x0000000000000000000000000000000000000000"}]";"0.019182249476789134";"0x68b3465833fb72a70ecdf485e0e4c7bd8665fc45"
"0xa3c9a2de3d3f94d62ac017698258f23cdc7e433410f03e1e3a75ba005c473837";"1642742485";"";"";"[{"type":"incoming","symbol":"Metis","amount":19.049563606071963,"address":"0x9e32b13ce7f2e80a01932b42553652e053d6ed8e"},{"type":"outgoing","symbol":"ETH","amount":1.5387242328906683,"address":"0x0000000000000000000000000000000000000000"}]";"0.014729785981250031";"0x68b3465833fb72a70ecdf485e0e4c7bd8665fc45"
"0x40abadda469687e2562525c390aef0dffe221bee1c1b57605a6040264d7353ee";"1642742364";"";"";"[{"type":"outgoing","symbol":"PDT","amount":5041.275970081674,"address":"0x375abb85c329753b1ba849a601438ae77eec9893"},{"type":"incoming","symbol":"ETH","amount":1.083050404605799,"address":"0x0000000000000000000000000000000000000000"}]";"0.014203089155053765";"0x68b3465833fb72a70ecdf485e0e4c7bd8665fc45"
"0x301107f6f9e7f835128fc3d13f49c4791fc7306a8ea8a89a740c71c88bae9017";"1642742023";"";"";"[{"type":"incoming","symbol":"ETH","amount":0.49589636,"address":"0x0000000000000000000000000000000000000000"}]";"0.004347";"0x56eddb7aa87536c09ccc2793473599fd21a8b17f"
"0xfd55c02b0064fc03029cbe74cc6b6ef9bcc8b89c38937a84ffdbcf662040d159";"1642697754";"";"";"[{"type":"incoming","symbol":"PDT","amount":5041.275970081674,"address":"0x375abb85c329753b1ba849a601438ae77eec9893"},{"type":"outgoing","symbol":"ETH","amount":1.4,"address":"0x0000000000000000000000000000000000000000"}]";"0.023308529145901515";"0x68b3465833fb72a70ecdf485e0e4c7bd8665fc45"
"0x7071a2f1f19233f9930f587c99418229e30991f8604996a0fa6bde900e209983";"1642697713";"";"";"[{"type":"outgoing","symbol":"ETH","amount":1.4,"address":"0x0000000000000000000000000000000000000000"}]";"0.02547383826096064";"0x68b3465833fb72a70ecdf485e0e4c7bd8665fc45"
"0xca643a178c23a590eb52ba865c2953a70abc4dfd130c1c7bd5a2bf7440c443ae";"1642697251";"";"";"[{"type":"outgoing","symbol":"Metis","amount":16,"address":"0x9e32b13ce7f2e80a01932b42553652e053d6ed8e"},{"type":"incoming","symbol":"ETH","amount":1.4769729987264957,"address":"0x0000000000000000000000000000000000000000"}]";"0.017941436909405153";"0x68b3465833fb72a70ecdf485e0e4c7bd8665fc45"
"0x7d8e9fe0fbbf2c9638a835de70d98b277e27a152cb1a1ea2a374b89903a16f8b";"1642457905";"";"";"[{"type":"incoming","symbol":"Metis","amount":16,"address":"0x9e32b13ce7f2e80a01932b42553652e053d6ed8e"},{"type":"outgoing","symbol":"ETH","amount":1.3051422092563243,"address":"0x0000000000000000000000000000000000000000"}]";"0.01929439594826609";"0x68b3465833fb72a70ecdf485e0e4c7bd8665fc45"
"0x7e5c7c09de659d0b209361cc825d70eadf706e055de7d7cc16ad3d02e9606223";"1642457671";"";"";"[{"type":"outgoing","symbol":"CHINJA","amount":53673.521229662,"address":"0x51aa97371369632ccab925298536d32393b01819"},{"type":"incoming","symbol":"ETH","amount":0.10431756732074215,"address":"0x0000000000000000000000000000000000000000"}]";"0.03817028247791098";"0x68b3465833fb72a70ecdf485e0e4c7bd8665fc45"
"0x9faf54a168c966eea2ac5e4655c7edecadcedbbebe920b2fe699ec72abf72ea0";"1642452361";"";"";"[{"type":"incoming","symbol":"CHINJA","amount":63426.046544195,"address":"0x51aa97371369632ccab925298536d32393b01819"},{"type":"outgoing","symbol":"ETH","amount":0.4,"address":"0x0000000000000000000000000000000000000000"}]";"0.023402463201136384";"0x68b3465833fb72a70ecdf485e0e4c7bd8665fc45"
"0x64725c0174c61fbc70c87debe2030a8e862fa398d60cf226c647530b4f6e8c43";"1642452289";"";"";"[{"type":"outgoing","symbol":"ETH","amount":0.3,"address":"0x0000000000000000000000000000000000000000"}]";"0.024979067292975225";"0x68b3465833fb72a70ecdf485e0e4c7bd8665fc45"
"0x27fa368a76f120fc689910372fcdd6465bde8102af38683beea30d19fa56a9c1";"1642449908";"";"";"[{"type":"outgoing","symbol":"BabyShiba","amount":15686.597150010977,"address":"0x66a64a8a9cdc54ef97e45a051ba1c8f3d4b41a1d"},{"type":"outgoing","symbol":"BabyShiba","amount":298045.34585020854,"address":"0x66a64a8a9cdc54ef97e45a051ba1c8f3d4b41a1d"},{"type":"incoming","symbol":"ETH","amount":1.6581977860896966,"address":"0x0000000000000000000000000000000000000000"}]";"0.02864900328092977";"0x68b3465833fb72a70ecdf485e0e4c7bd8665fc45"
"0xe8fe3769ed430b5b82ff3fd749e1b9e855c3d4997c725bf5a8a1e5e9b2ee631c";"1642442575";"";"";"[{"type":"incoming","symbol":"BabyShiba","amount":313741.9430002196,"address":"0x66a64a8a9cdc54ef97e45a051ba1c8f3d4b41a1d"},{"type":"outgoing","symbol":"ETH","amount":1.2,"address":"0x0000000000000000000000000000000000000000"}]";"0.02165277023424034";"0x68b3465833fb72a70ecdf485e0e4c7bd8665fc45"
"0x41d55fc63dc2622e83ed4520d06a9303fd13fa354f0ad2da2610c49430c9e21b";"1642442349";"";"";"[{"type":"outgoing","symbol":"Metis","amount":16.324845514497692,"address":"0x9e32b13ce7f2e80a01932b42553652e053d6ed8e"},{"type":"incoming","symbol":"ETH","amount":1.3608718474330903,"address":"0x0000000000000000000000000000000000000000"}]";"0.01509857286360801";"0x68b3465833fb72a70ecdf485e0e4c7bd8665fc45"
"0x7a60d422d49ec10ea25dd3ba376e8408fbd79eafbed51a6fa2d37a41c3ecbbec";"1642271423";"";"";"[{"type":"incoming","symbol":"Metis","amount":16.324845514497692,"address":"0x9e32b13ce7f2e80a01932b42553652e053d6ed8e"},{"type":"outgoing","symbol":"ETH","amount":1.4,"address":"0x0000000000000000000000000000000000000000"}]";"0.0181200933930488";"0x68b3465833fb72a70ecdf485e0e4c7bd8665fc45"
"0x795d56eebe5ebb314fe6e66d6d2d8b6a1f3ec1339863561cc94c6255690e5f57";"1642271063";"";"";"[{"type":"outgoing","symbol":"ETH","amount":1.4,"address":"0x0000000000000000000000000000000000000000"}]";"0.018865278940903663";"0x68b3465833fb72a70ecdf485e0e4c7bd8665fc45"
"0xdad5bad8389c4e5342afe5695316756bbf07f69a03e04d0ae9f2ff2a07f97d00";"1642270703";"";"";"[{"type":"outgoing","symbol":"ETH","amount":1.45,"address":"0x0000000000000000000000000000000000000000"}]";"0.023469267442839527";"0x68b3465833fb72a70ecdf485e0e4c7bd8665fc45"
"0xa71cb83402af4b07706f31953ab2c7a01512f582eba1e3c1884d7d6ee7efac7d";"1642270544";"";"";"[{"type":"outgoing","symbol":"ETH","amount":1.45,"address":"0x0000000000000000000000000000000000000000"}]";"0.021404611122429744";"0x68b3465833fb72a70ecdf485e0e4c7bd8665fc45"
"0x4c5f8eddd26c23d1d70f4ddd0dd99caf1c7c15787991880a0353e72b4be75576";"1642270414";"";"";"[{"type":"outgoing","symbol":"ETH","amount":1.5,"address":"0x0000000000000000000000000000000000000000"}]";"0.01907025404177765";"0x68b3465833fb72a70ecdf485e0e4c7bd8665fc45"
"0xd8b56061cac8dfd4a74dc00aa5052e6b4025b4d1b50367f76d1ae3efb8a7402d";"1642270174";"";"";"[{"type":"outgoing","symbol":"USDT","amount":5044.645759,"address":"0xdac17f958d2ee523a2206206994597c13d831ec7"},{"type":"incoming","symbol":"ETH","amount":1.5056077156848502,"address":"0x0000000000000000000000000000000000000000"}]";"0.020633116157747444";"0x68b3465833fb72a70ecdf485e0e4c7bd8665fc45"
"0x2396f3b81c66aea2f5151e8618be316ca426537e591e98c97d6c8dbf3d4eab82";"1642270024";"";"";"[{"type":"incoming","symbol":"USDT","amount":5044.645759,"address":"0xdac17f958d2ee523a2206206994597c13d831ec7"},{"type":"outgoing","symbol":"WTF","amount":67258.34977727846,"address":"0xa68dd8cb83097765263adad881af6eed479c4a33"},{"type":"outgoing","symbol":"WTF","amount":2802.431240719936,"address":"0xa68dd8cb83097765263adad881af6eed479c4a33"}]";"0.03740699619385751";"0x68b3465833fb72a70ecdf485e0e4c7bd8665fc45"
"0x63792ea10a13617963a2099e8b133bc34ea71aa525a4262fd50045ad012b4905";"1642259126";"";"";"[{"type":"incoming","symbol":"WTF","amount":70060.7810179984,"address":"0xa68dd8cb83097765263adad881af6eed479c4a33"},{"type":"outgoing","symbol":"ETH","amount":1.7,"address":"0x0000000000000000000000000000000000000000"}]";"0.02143285865474738";"0x68b3465833fb72a70ecdf485e0e4c7bd8665fc45"
"0xa35d7d01cdb4a2bc95a5d21c51c4c8920a376d333b21dfa2f566b4163ce74cd6";"1642259043";"";"";"[{"type":"outgoing","symbol":"ETH","amount":1.7,"address":"0x0000000000000000000000000000000000000000"}]";"0.023697765419545748";"0x68b3465833fb72a70ecdf485e0e4c7bd8665fc45"
"0xd1119f1bba23fad7e49e711cf7dc7188ead43d653a259d2c9731125d6fb881e5";"1642258109";"";"";"[{"type":"outgoing","symbol":"DORORO","amount":40611903860827500,"address":"0xadc00ecf4f061b83bd65237e273dbcf337f8af54"},{"type":"incoming","symbol":"ETH","amount":1.065567148340118,"address":"0x0000000000000000000000000000000000000000"}]";"0.02881594455418193";"0x68b3465833fb72a70ecdf485e0e4c7bd8665fc45"
"0xfb6bfa39840d5da15b2878a034f2debdb7ffa729fbc443eb1c3dc876a1508c44";"1642252537";"";"";"[{"type":"incoming","symbol":"DORORO","amount":44842188879032110,"address":"0xadc00ecf4f061b83bd65237e273dbcf337f8af54"},{"type":"outgoing","symbol":"ETH","amount":1.3,"address":"0x0000000000000000000000000000000000000000"}]";"0.017949370376073755";"0x68b3465833fb72a70ecdf485e0e4c7bd8665fc45"
"0x6270b093cb2fefc6a962eb0471db07ea167e92a5f9e5beca0d165661f8495651";"1642194579";"";"";"[{"type":"outgoing","symbol":"ETH","amount":1.2,"address":"0x0000000000000000000000000000000000000000"}]";"0.04614752679781266";"0x68b3465833fb72a70ecdf485e0e4c7bd8665fc45"
"0xefecf2dffad1006a2fd84fadd2ca52313808ac3cc03ffa1dd55c6272245e0cdd";"1642194518";"";"";"[{"type":"outgoing","symbol":"ETH","amount":1.2,"address":"0x0000000000000000000000000000000000000000"}]";"0.042619056441012305";"0x68b3465833fb72a70ecdf485e0e4c7bd8665fc45"
"0x4d04ec5330aba6c0936a7148c525471343a19d4113294cd03ae1a73d281ec20c";"1642194100";"";"";"[{"type":"outgoing","symbol":"MEV","amount":15417340.37303894,"address":"0x2374073ce05e8542e8c6ba4f35844d54f58d2f99"},{"type":"incoming","symbol":"ETH","amount":2.1664071267142293,"address":"0x0000000000000000000000000000000000000000"}]";"0.024864139061663272";"0x68b3465833fb72a70ecdf485e0e4c7bd8665fc45"
"0xa15f44d4fbe9ccfe88db7d1252d21f3a3456ccf75a2a455356c74cabd352aea8";"1642193200";"";"";"[{"type":"incoming","symbol":"MEV","amount":15417340.37303894,"address":"0x2374073ce05e8542e8c6ba4f35844d54f58d2f99"},{"type":"outgoing","symbol":"ETH","amount":1.7,"address":"0x0000000000000000000000000000000000000000"}]";"0.01575773311706768";"0x68b3465833fb72a70ecdf485e0e4c7bd8665fc45"
"0xa93b78ed32e77b3cee387154da110269f83dde31633527ea4f5b2ff1e25643ae";"1642188846";"";"";"[{"type":"outgoing","symbol":"Metis","amount":23.436798245909,"address":"0x9e32b13ce7f2e80a01932b42553652e053d6ed8e"},{"type":"incoming","symbol":"ETH","amount":1.8310731227255892,"address":"0x0000000000000000000000000000000000000000"}]";"0.016693962330841507";"0x68b3465833fb72a70ecdf485e0e4c7bd8665fc45"
"0xd84490ca78d43a326a9460c0a4b02836732dec00116dc47f5478e1f1c7eca0b4";"1642144925";"";"";"[{"type":"incoming","symbol":"Metis","amount":23.436798245909,"address":"0x9e32b13ce7f2e80a01932b42553652e053d6ed8e"},{"type":"outgoing","symbol":"ETH","amount":1.6,"address":"0x0000000000000000000000000000000000000000"}]";"0.020412813659519902";"0x68b3465833fb72a70ecdf485e0e4c7bd8665fc45"
"0xad4df810346ea59a82dc9b37786e24a2f96636727e262d93d0f9ec0473951a84";"1642143776";"";"";"[{"type":"outgoing","symbol":"InFi_DividendTracker","amount":3374460.2122888104,"address":"0xd74a28dc4e31db2bb732b0906f4ed7ed4bb097da"},{"type":"outgoing","symbol":"8FI","amount":2750185.0730153807,"address":"0x2091457430924515e23d7cd4e6a23d2c01fd446e"},{"type":"outgoing","symbol":"8FI","amount":624275.1392734299,"address":"0x2091457430924515e23d7cd4e6a23d2c01fd446e"},{"type":"incoming","symbol":"ETH","amount":1.6345683515227576,"address":"0x0000000000000000000000000000000000000000"}]";"0.0525955832177318";"0x68b3465833fb72a70ecdf485e0e4c7bd8665fc45"
"0x2abe7e571d985a7a51a5ad72c251cb26e874389b3ebd5f55778fc0ff4d9ac7ac";"1642096117";"";"";"[{"type":"incoming","symbol":"InFi_DividendTracker","amount":3374460.2122888104,"address":"0xd74a28dc4e31db2bb732b0906f4ed7ed4bb097da"},{"type":"incoming","symbol":"8FI","amount":3374460.2122888104,"address":"0x2091457430924515e23d7cd4e6a23d2c01fd446e"},{"type":"outgoing","symbol":"ETH","amount":3.9,"address":"0x0000000000000000000000000000000000000000"}]";"0.06115865420551244";"0x68b3465833fb72a70ecdf485e0e4c7bd8665fc45"
"0x0da90a178256a092506db6be3f0c4fe24a85fcd39680d3f8658ee637b97a75cf";"1642095379";"";"";"[{"type":"outgoing","symbol":"Metis","amount":62.97638309606126,"address":"0x9e32b13ce7f2e80a01932b42553652e053d6ed8e"},{"type":"incoming","symbol":"ETH","amount":4.026780548230751,"address":"0x0000000000000000000000000000000000000000"}]";"0.02226060704943954";"0x68b3465833fb72a70ecdf485e0e4c7bd8665fc45"
"0x3e36a8d56211a25d6bb538bad247ac50252dea2f87b30271bfadb7e89249102e";"1641970754";"";"";"[{"type":"incoming","symbol":"Metis","amount":62.97638309606126,"address":"0x9e32b13ce7f2e80a01932b42553652e053d6ed8e"},{"type":"outgoing","symbol":"ETH","amount":3.95,"address":"0x0000000000000000000000000000000000000000"}]";"0.017490985397169142";"0x68b3465833fb72a70ecdf485e0e4c7bd8665fc45"
"0x4771bbf5fe9d540b6394b95b76ec387248e7a0b1e341a0ba805deb4826ef0181";"1641970558";"";"";"[{"type":"outgoing","symbol":"POLC","amount":27119.396614643618,"address":"0xaa8330fb2b4d5d07abfe7a72262752a8505c6b37"},{"type":"incoming","symbol":"ETH","amount":3.968725946786762,"address":"0x0000000000000000000000000000000000000000"}]";"0.022838876108506222";"0x68b3465833fb72a70ecdf485e0e4c7bd8665fc45"
"0x34acd282d5a7cc5ac3e8b2c7660be7b32ce70ca48c679c868739ee37398b968e";"1641764628";"";"";"[{"type":"incoming","symbol":"POLC","amount":27119.396614643618,"address":"0xaa8330fb2b4d5d07abfe7a72262752a8505c6b37"},{"type":"outgoing","symbol":"ETH","amount":4.4,"address":"0x0000000000000000000000000000000000000000"}]";"0.014749131177625824";"0x68b3465833fb72a70ecdf485e0e4c7bd8665fc45"
"0x3822cbdc8ed75b898f22af551a0a04f4f20e81bcc947042d6128c1911957049e";"1641764279";"";"";"[{"type":"outgoing","symbol":"Metis","amount":75.58244577496565,"address":"0x9e32b13ce7f2e80a01932b42553652e053d6ed8e"},{"type":"incoming","symbol":"ETH","amount":4.438087689658835,"address":"0x0000000000000000000000000000000000000000"}]";"0.023495020819724103";"0x68b3465833fb72a70ecdf485e0e4c7bd8665fc45"
"0xd219f54caab96382c840e1ac2f7dec313a192f2992180e4a1b3eb95c5eb12cc8";"1641544032";"";"";"[{"type":"incoming","symbol":"Metis","amount":75.58244577496565,"address":"0x9e32b13ce7f2e80a01932b42553652e053d6ed8e"},{"type":"outgoing","symbol":"ETH","amount":4.116567730393037,"address":"0x0000000000000000000000000000000000000000"}]";"0.015246380161251703";"0x68b3465833fb72a70ecdf485e0e4c7bd8665fc45"
"0xd8b55dc41d6423f55cda18fadc53dd6a01f24cbcee63344d19ab6951459c0f24";"1641543106";"";"";"[{"type":"incoming","symbol":"ETH","amount":4.01830609,"address":"0x0000000000000000000000000000000000000000"}]";"0.003213";"0x4976a4a02f38326660d17bf34b431dc6e2eb2327"
"0x7dabc4286bff2a68be90db468516c3424c0693f895ad9e244e5eb83da34aee21";"1641072392";"";"";"[{"type":"incoming","symbol":"ETH","amount":0.14286694052404572,"address":"0x0000000000000000000000000000000000000000"}]";"0.002428101490437";"0xb2712ba14db8ca9c2bfc940bdf5b6f7281178790"
"0xc764c9ef0f79d820906cc6a3c7432895dcce020b630619274ee5f94667d0fe5f";"1640552359";"";"";"[{"type":"incoming","symbol":"GBTK","amount":2458683591.169781,"address":"0x0674ed83601c75468e13bac4c6f5c4d7cc054401"},{"type":"outgoing","symbol":"ETH","amount":0.45,"address":"0x0000000000000000000000000000000000000000"}]";"0.009170815747909155";"0x68b3465833fb72a70ecdf485e0e4c7bd8665fc45"
"0x7af1b6dab35f3121b7bfed45afdabb18b435d6dde7aeb214fdacabeca8ad938f";"1640552261";"";"";"[{"type":"outgoing","symbol":"ETH","amount":0.45,"address":"0x0000000000000000000000000000000000000000"}]";"0.012184198709133391";"0x68b3465833fb72a70ecdf485e0e4c7bd8665fc45"
"0x3050d41a9ec538b07c2b22cf7e438d50628d381af5aa9dc5ff38effae48bc371";"1640547103";"";"";"[{"type":"outgoing","symbol":"COLD","amount":567836513.1059121,"address":"0xf49f43c1e8b0c8ac13e63ec7921692a199029d49"},{"type":"outgoing","symbol":"COLD","amount":108159335.82969753,"address":"0xf49f43c1e8b0c8ac13e63ec7921692a199029d49"},{"type":"incoming","symbol":"ETH","amount":0.5126601212616702,"address":"0x0000000000000000000000000000000000000000"}]";"0.00937635930159787";"0x68b3465833fb72a70ecdf485e0e4c7bd8665fc45"
"0x78f889ad2d3dc5826dc11557083088e1542347838ba22427240d4756eacb1b48";"1640458164";"";"";"[{"type":"incoming","symbol":"COLD","amount":675995848.9356095,"address":"0xf49f43c1e8b0c8ac13e63ec7921692a199029d49"},{"type":"outgoing","symbol":"ETH","amount":0.82,"address":"0x0000000000000000000000000000000000000000"}]";"0.01540477881465255";"0x68b3465833fb72a70ecdf485e0e4c7bd8665fc45"
"0x3d781b93cc0943bf962c8dd3d33422d403cdd3031fc79dec9e3d4e71ebcb1b41";"1640458053";"";"";"[{"type":"outgoing","symbol":"ETH","amount":0.82,"address":"0x0000000000000000000000000000000000000000"}]";"0.0157266847662084";"0x68b3465833fb72a70ecdf485e0e4c7bd8665fc45"
"0xc23a20728653f55752a59f5aeaa490969404c653ea6426b84ee094506d0cdc6a";"1640457805";"";"";"[{"type":"incoming","symbol":"ETH","amount":0.8005551,"address":"0x0000000000000000000000000000000000000000"}]";"0.002373";"0x21a31ee1afc51d94c2efccaa2092ad1028285549"
"0xcdcffeb228b021059bb2c59f97114c31094084628de10797ccae9aec95549aa3";"1640292094";"";"";"[{"type":"outgoing","symbol":"ETH","amount":0.05,"address":"0x0000000000000000000000000000000000000000"}]";"0.001675440547116";"0xb7d589523475f32d6cfa61a8b734491c873ecf19"
"0xa351db39f51637ea2a59ef0c684f37280af2adbd173f5dbb33e9e0cb8aff3e01";"1640111890";"";"";"[{"type":"outgoing","symbol":"NOCAP","amount":4673718180.022228,"address":"0x46c516b5b0df986a3d0bb82e0008232159ff81f3"},{"type":"incoming","symbol":"ETH","amount":0.05463695431233709,"address":"0x0000000000000000000000000000000000000000"}]";"0.0153947813438548";"0x68b3465833fb72a70ecdf485e0e4c7bd8665fc45"
"0x32b56f29724837f8d8ced4d1ff356baf7c9756f891369efcf42a04c47206287e";"1640107561";"";"";"[{"type":"incoming","symbol":"NOCAP","amount":5193020200.024697,"address":"0x46c516b5b0df986a3d0bb82e0008232159ff81f3"},{"type":"outgoing","symbol":"ETH","amount":0.3,"address":"0x0000000000000000000000000000000000000000"}]";"0.01460749775449304";"0x68b3465833fb72a70ecdf485e0e4c7bd8665fc45"
"0xd1198a83dd89fd893d54cb3292670993e166935f75a1737d8d1162c16e3ed5aa";"1640107468";"";"";"[{"type":"outgoing","symbol":"ETH","amount":0.3,"address":"0x0000000000000000000000000000000000000000"}]";"0.015437385295582563";"0x68b3465833fb72a70ecdf485e0e4c7bd8665fc45"
"0x016bf49c8c39f2f75f1ba24a19fbba11cfaa66449b75e93a4c4d9aea123aa72e";"1640041034";"";"";"[{"type":"outgoing","symbol":"Morph","amount":1594867229.1800878,"address":"0x45be5b12136140abaa6ecc7798ad8cf831d8e572"},{"type":"incoming","symbol":"ETH","amount":0.38802814155348425,"address":"0x0000000000000000000000000000000000000000"}]";"0.015210835808767092";"0x68b3465833fb72a70ecdf485e0e4c7bd8665fc45"
"0x2bb14841ac99530b76bd430f25d8d46b80036c2632deed1e750949396b72fcba";"1640039693";"";"";"[{"type":"incoming","symbol":"Morph","amount":1761313780.1799731,"address":"0x45be5b12136140abaa6ecc7798ad8cf831d8e572"},{"type":"outgoing","symbol":"ETH","amount":0.27,"address":"0x0000000000000000000000000000000000000000"}]";"0.011350196366471539";"0x68b3465833fb72a70ecdf485e0e4c7bd8665fc45"
"0x20023cdf3bfb841185c3e6a1fc2644bde0094cd71327e74eadeebc7f7ed4d88c";"1640039555";"";"";"[{"type":"outgoing","symbol":"SORAKA","amount":4060475.938119976,"address":"0x1ee16f83adf70e7dfc78e096d86a8217d0e4d64a"},{"type":"outgoing","symbol":"SORAKA","amount":501856.57662157,"address":"0x1ee16f83adf70e7dfc78e096d86a8217d0e4d64a"},{"type":"incoming","symbol":"ETH","amount":0.3323665302536541,"address":"0x0000000000000000000000000000000000000000"}]";"0.0204764370224177";"0x68b3465833fb72a70ecdf485e0e4c7bd8665fc45"
"0x17270e9c803decfcdb4e3f1bf281478b8b00ae03eb9b6cac33453e1ffde9c07e";"1640034002";"";"";"[{"type":"incoming","symbol":"SORAKA","amount":4562332.514741546,"address":"0x1ee16f83adf70e7dfc78e096d86a8217d0e4d64a"},{"type":"outgoing","symbol":"ETH","amount":0.85,"address":"0x0000000000000000000000000000000000000000"}]";"0.029504795772036053";"0x68b3465833fb72a70ecdf485e0e4c7bd8665fc45"
"0xb61d765d4b030cafd31f7eb7b1cd6eddd6fca813de945c316f25a1356f093731";"1640028345";"";"";"[{"type":"incoming","symbol":"SORAKA","amount":22338070000.824978,"address":"0x4cabead805edbd1eb4fdef6949dc34703e63bd92"},{"type":"outgoing","symbol":"ETH","amount":0.1,"address":"0x0000000000000000000000000000000000000000"}]";"0.017395437881479504";"0x68b3465833fb72a70ecdf485e0e4c7bd8665fc45"
"0x51a6960010cab459306d4b87efa51c41d0f6daf777b768043421f634ce6c9107";"1640028249";"";"";"[{"type":"outgoing","symbol":"ETH","amount":0.1,"address":"0x0000000000000000000000000000000000000000"}]";"0.020161647138185065";"0x68b3465833fb72a70ecdf485e0e4c7bd8665fc45"
"0x461293a5be8516be815913ab6d627af12204df5d0bb19ffab2093e26833ec9fa";"1640022743";"";"";"[{"type":"outgoing","symbol":"miniKUNO","amount":17551059141.11359,"address":"0x6d5d379dc13012f50958b605d2ba4442b216aa6d"},{"type":"incoming","symbol":"ETH","amount":0.22568549566170584,"address":"0x0000000000000000000000000000000000000000"}]";"0.021555299891801896";"0x68b3465833fb72a70ecdf485e0e4c7bd8665fc45"
"0x2117aa2287cde96a7c501f434c86a2bfc734f8380bd7823231c1e9c0a432a49c";"1640020659";"";"";"[{"type":"incoming","symbol":"miniKUNO","amount":19467538526.465954,"address":"0x6d5d379dc13012f50958b605d2ba4442b216aa6d"},{"type":"outgoing","symbol":"ETH","amount":0.25,"address":"0x0000000000000000000000000000000000000000"}]";"0.019966417485991688";"0x68b3465833fb72a70ecdf485e0e4c7bd8665fc45"
"0x3332a7c5d2c1a639dc54e350fe391eeba9912afac72fda070bc64636a69727c2";"1640020601";"";"";"[{"type":"outgoing","symbol":"ETH","amount":0.3,"address":"0x0000000000000000000000000000000000000000"}]";"0.01891579543150077";"0x68b3465833fb72a70ecdf485e0e4c7bd8665fc45"
"0x705cd90a249d6d74d88ae43e8e033a8c8df236ce710edb1afc7674ec78f12e21";"1640017419";"";"";"[{"type":"outgoing","symbol":"WINU","amount":145231440.1769045,"address":"0x68f3062e07fd4d70ada23d97d5bda8a8f218d38f"},{"type":"incoming","symbol":"ETH","amount":1.1960253274947112,"address":"0x0000000000000000000000000000000000000000"}]";"0.01228980932003336";"0x68b3465833fb72a70ecdf485e0e4c7bd8665fc45"
"0x8f3c42a46e804a2093b51b21c32bdc62f6897377ac156a93452bd69fe0aea703";"1639907929";"";"";"[{"type":"incoming","symbol":"WINU","amount":152875200.18621525,"address":"0x68f3062e07fd4d70ada23d97d5bda8a8f218d38f"},{"type":"outgoing","symbol":"ETH","amount":3.5,"address":"0x0000000000000000000000000000000000000000"}]";"0.006521751064770504";"0x68b3465833fb72a70ecdf485e0e4c7bd8665fc45"
"0x23dd596061d31b22285de0653a463418115c019a68fb05085254983e1ce39c57";"1639907824";"";"";"[{"type":"outgoing","symbol":"Metis","amount":192.95273312736896,"address":"0x9e32b13ce7f2e80a01932b42553652e053d6ed8e"},{"type":"incoming","symbol":"ETH","amount":3.5325240853905826,"address":"0x0000000000000000000000000000000000000000"}]";"0.004237265100185688";"0xe592427a0aece92de3edee1f18e0157c05861564"
"0x0a76bff3fd026e226aba919b7ee7b8e52e00c38acda9ae6b6015b3aad3f662e0";"1639878375";"";"";"[{"type":"incoming","symbol":"Metis","amount":134.9925250945218,"address":"0x9e32b13ce7f2e80a01932b42553652e053d6ed8e"},{"type":"incoming","symbol":"Metis","amount":57.96020803284718,"address":"0x9e32b13ce7f2e80a01932b42553652e053d6ed8e"},{"type":"outgoing","symbol":"ETH","amount":3.5,"address":"0x0000000000000000000000000000000000000000"}]";"0.009240778616888172";"0x68b3465833fb72a70ecdf485e0e4c7bd8665fc45"
"0x628a72968c97e1e31f2005186e2486521def894ca7cea027d1587d0726dc0da0";"1639878240";"";"";"[{"type":"incoming","symbol":"ETH","amount":3.55967727,"address":"0x0000000000000000000000000000000000000000"}]";"0.001764";"0xdfd5293d8e347dfe59e90efd55b2956a1343963d"
"0x8e81464a1b86ba28c037a610c93b52a500c060994897cef9d0ded313129abf7a";"1639859828";"";"";"[{"type":"outgoing","symbol":"ETH","amount":4.369341273404692,"address":"0x0000000000000000000000000000000000000000"}]";"0.00127434559287";"0x17bbb3f5197134a69f9f8f6d9c726d8a576d8139"
"0x4a5b95859822d9a15a7380d1c42a7ce8e41894868c31e19c544466e7afc90200";"1639858752";"";"";"[{"type":"outgoing","symbol":"CPTINU","amount":358756673055.32306,"address":"0x7cca2e1c9b0519f52029467914a15e782bf66971"},{"type":"incoming","symbol":"ETH","amount":4.326463402443916,"address":"0x0000000000000000000000000000000000000000"}]";"0.013647459920357274";"0x68b3465833fb72a70ecdf485e0e4c7bd8665fc45"
"0xd00027407296e1c845d26504d5e10c7c2d2b36d45a5b23033c90698c6b44037a";"1639768852";"";"";"[{"type":"incoming","symbol":"CPTINU","amount":398205129207.5921,"address":"0x7cca2e1c9b0519f52029467914a15e782bf66971"},{"type":"outgoing","symbol":"ETH","amount":1.77,"address":"0x0000000000000000000000000000000000000000"}]";"0.016000664870142026";"0x68b3465833fb72a70ecdf485e0e4c7bd8665fc45"
"0x245173059fc2ae74f2d6c13014bb6ea9fa243b75b5ad5ef36ffe29a101d84a2d";"1639768749";"";"";"[{"type":"outgoing","symbol":"ETH","amount":1.8,"address":"0x0000000000000000000000000000000000000000"}]";"0.01811018124511461";"0x68b3465833fb72a70ecdf485e0e4c7bd8665fc45"
"0x41e3ea20bfbe56ba4786c308a9fd318112714bc361838c23b79ec716aa5ec5b8";"1639767857";"";"";"[{"type":"outgoing","symbol":"Metis","amount":115,"address":"0x9e32b13ce7f2e80a01932b42553652e053d6ed8e"},{"type":"incoming","symbol":"ETH","amount":1.8351190050971333,"address":"0x0000000000000000000000000000000000000000"}]";"0.012932827779178311";"0xe592427a0aece92de3edee1f18e0157c05861564"
"0x051b91c95736ca31a9f24d4a7678ca7f42a0c84c396b5148b3d2814d2f638599";"1639697504";"";"";"[{"type":"incoming","symbol":"Metis","amount":115,"address":"0x9e32b13ce7f2e80a01932b42553652e053d6ed8e"},{"type":"outgoing","symbol":"ETH","amount":1.8423847864583356,"address":"0x0000000000000000000000000000000000000000"}]";"0.0172110967074708";"0xe592427a0aece92de3edee1f18e0157c05861564"
"0x5858c9e69771e9fdc982563e1ea9fbdcf5030db0e81e1b750a2e0b28ca8f5c85";"1639696869";"";"";"[{"type":"outgoing","symbol":"CLIFF","amount":422735671.32541275,"address":"0x1b9baf2a3edea91ee431f02d449a1044d5726669"},{"type":"outgoing","symbol":"CLIFF","amount":105683917.83135319,"address":"0x1b9baf2a3edea91ee431f02d449a1044d5726669"},{"type":"incoming","symbol":"ETH","amount":1.8343474265824113,"address":"0x0000000000000000000000000000000000000000"}]";"0.019566881342114803";"0x7a250d5630b4cf539739df2c5dacb4c659f2488d"
"0x644b3e802a9fd76b535cfd3b87d394b27bda91cd109d60e0dfaf00e74547baa0";"1639690486";"";"";"[{"type":"incoming","symbol":"CLIFF","amount":528419589.1567659,"address":"0x1b9baf2a3edea91ee431f02d449a1044d5726669"},{"type":"outgoing","symbol":"ETH","amount":2.1,"address":"0x0000000000000000000000000000000000000000"}]";"0.021973401693858908";"0x7a250d5630b4cf539739df2c5dacb4c659f2488d"
"0xaa16688002a8c2b8220f366076210b8894aa358b8dd187a8864c596e1457997b";"1639690183";"";"";"[{"type":"outgoing","symbol":"SENATE","amount":3420.5772533077325,"address":"0x34be5b8c30ee4fde069dc878989686abe9884470"},{"type":"incoming","symbol":"ETH","amount":2.1916654263325985,"address":"0x0000000000000000000000000000000000000000"}]";"0.017667306650072857";"0x7a250d5630b4cf539739df2c5dacb4c659f2488d"
"0x3aa583d72d91bbed361b42f4cc0559f066572f0a44ed1e9bf67c6f2adc39a61b";"1639683495";"";"";"[{"type":"incoming","symbol":"SENATE","amount":3420.5772533077325,"address":"0x34be5b8c30ee4fde069dc878989686abe9884470"},{"type":"outgoing","symbol":"ETH","amount":2.15,"address":"0x0000000000000000000000000000000000000000"}]";"0.02622728137461248";"0x7a250d5630b4cf539739df2c5dacb4c659f2488d"
"0xf8306fb4b1617fd89228e538f83003388445fa9a426fbb9fcee73a7b2c93fd3e";"1639683278";"";"";"[{"type":"outgoing","symbol":"SIDUS","amount":141217.65432261876,"address":"0x549020a9cb845220d66d3e9c6d9f9ef61c981102"},{"type":"incoming","symbol":"ETH","amount":2.206251920373688,"address":"0x0000000000000000000000000000000000000000"}]";"0.026325644813179606";"0x7a250d5630b4cf539739df2c5dacb4c659f2488d"
"0x80be222b139b1604b12189e9b67a8730eb941de795f0c7f74e1167b5c317aa45";"1639645814";"";"";"[{"type":"incoming","symbol":"SIDUS","amount":141217.65432261876,"address":"0x549020a9cb845220d66d3e9c6d9f9ef61c981102"},{"type":"outgoing","symbol":"ETH","amount":2.77,"address":"0x0000000000000000000000000000000000000000"}]";"0.005398328654053438";"0x7a250d5630b4cf539739df2c5dacb4c659f2488d"
"0xa5185be2c0dff6ea2eaee369bf01ee99447d1ca734c179b77651c9dfc2638b33";"1639606654";"";"";"[{"type":"outgoing","symbol":"Metis","amount":95.82013034436662,"address":"0x9e32b13ce7f2e80a01932b42553652e053d6ed8e"},{"type":"incoming","symbol":"ETH","amount":1.5939313006500424,"address":"0x0000000000000000000000000000000000000000"}]";"0.012885065668102824";"0xe592427a0aece92de3edee1f18e0157c05861564"
"0x55834acf7c1a2be54f77e55bb466ce1c3f989f4310ba4ab227290551b23a90dd";"1639603512";"";"";"[{"type":"outgoing","symbol":"CHIRO","amount":1030509713828037.2,"address":"0x35156b404c3f9bdaf45ab65ba315419bcde3775c"},{"type":"incoming","symbol":"ETH","amount":1.2431034473804354,"address":"0x0000000000000000000000000000000000000000"}]";"0.018528101025601415";"0x7a250d5630b4cf539739df2c5dacb4c659f2488d"
"0xfa316f868b0e5f2835a10b1fafc3b5ad0e9582b25926f863da575568bcc916cb";"1639497773";"";"";"[{"type":"incoming","symbol":"CHIRO","amount":1144364356682376.8,"address":"0x35156b404c3f9bdaf45ab65ba315419bcde3775c"},{"type":"outgoing","symbol":"ETH","amount":0.95,"address":"0x0000000000000000000000000000000000000000"}]";"0.02042119664352641";"0x7a250d5630b4cf539739df2c5dacb4c659f2488d"
"0x4ea0502bb3c77a9333dc5ac772d5af321422b307c90e6a7ce886f5a9b2c7ce88";"1639497563";"";"";"[{"type":"outgoing","symbol":"Metis","amount":73.1737115528732,"address":"0x9e32b13ce7f2e80a01932b42553652e053d6ed8e"},{"type":"incoming","symbol":"ETH","amount":1,"address":"0x0000000000000000000000000000000000000000"}]";"0.009858096214964711";"0xe592427a0aece92de3edee1f18e0157c05861564"
"0x1586ddf7f25fbbe4221c1ad6e49bce656f235c08e849b4d5af820aa95a51faa1";"1639496447";"";"";"[{"type":"incoming","symbol":"Metis","amount":47.224131379183966,"address":"0x9e32b13ce7f2e80a01932b42553652e053d6ed8e"},{"type":"outgoing","symbol":"ETH","amount":0.65,"address":"0x0000000000000000000000000000000000000000"}]";"0.00885544989686202";"0xe592427a0aece92de3edee1f18e0157c05861564"
"0x607a7a6fac116515e9450f39002ed92087dee35388558203c83d9c766b6c028f";"1639496263";"";"";"[{"type":"incoming","symbol":"ETH","amount":0.66851884,"address":"0x0000000000000000000000000000000000000000"}]";"0.001764";"0x56eddb7aa87536c09ccc2793473599fd21a8b17f"
"0x9789a09450b38e7f42952878b1dea42ef08bae10913c11f22bc3381c2c1cb666";"1639479869";"";"";"[{"type":"incoming","symbol":"Metis","amount":75.41610748939442,"address":"0x9e32b13ce7f2e80a01932b42553652e053d6ed8e"},{"type":"outgoing","symbol":"ETH","amount":1,"address":"0x0000000000000000000000000000000000000000"}]";"0.006224501468525384";"0xe592427a0aece92de3edee1f18e0157c05861564"
"0x33449eb22437bcc3660dc052970e38be3f853529c72ff7366a8524a01ff57e51";"1639479384";"";"";"[{"type":"incoming","symbol":"ETH","amount":0.99840887,"address":"0x0000000000000000000000000000000000000000"}]";"0.001764";"0x56eddb7aa87536c09ccc2793473599fd21a8b17f"
"0xeb1b903ef02cac49861b955f94e8bce91326764baa0dea766c9831bc22d8bad3";"1639425337";"";"";"[{"type":"incoming","symbol":"Metis","amount":28.004867742041593,"address":"0x9e32b13ce7f2e80a01932b42553652e053d6ed8e"},{"type":"outgoing","symbol":"ETH","amount":0.40610712133,"address":"0x0000000000000000000000000000000000000000"}]";"0.015234817840638551";"0xe592427a0aece92de3edee1f18e0157c05861564"
"0x5de6009a603e94638d1b423fdc4f7ec6422a408ebc97999041dd59b5fc9e3f40";"1639425069";"";"";"[{"type":"incoming","symbol":"ETH","amount":0.39810718,"address":"0x0000000000000000000000000000000000000000"}]";"0.00357";"0x4976a4a02f38326660d17bf34b431dc6e2eb2327"
"0xa5744dcb64ae075a0d46c6ef6db5ee67a5f96535d78246dd111cfd989314b4f4";"1639161240";"";"";"[{"type":"incoming","symbol":"Metis","amount":18.348735286619842,"address":"0x9e32b13ce7f2e80a01932b42553652e053d6ed8e"},{"type":"outgoing","symbol":"ETH","amount":0.3,"address":"0x0000000000000000000000000000000000000000"}]";"0.011360447007877604";"0xe592427a0aece92de3edee1f18e0157c05861564"
"0x5549034229f69c23ab505bd9d20b3f8098aa203193919502da8689d62f2dc37d";"1639161204";"";"";"[{"type":"outgoing","symbol":"miniMONGOOSE","amount":50791582238784545000,"address":"0xbfc5c333b096c6a171baa43bb2dfb321e05967da"},{"type":"incoming","symbol":"ETH","amount":0.29636631715093953,"address":"0x0000000000000000000000000000000000000000"}]";"0.017021353066420716";"0x7a250d5630b4cf539739df2c5dacb4c659f2488d"
"0xea7b33ceb0adb115dd24b4b91e6d3994927c5cce3b9e401d2ce7d4d0cadc5758";"1639159721";"";"";"[{"type":"incoming","symbol":"miniMONGOOSE","amount":58372943170126980000,"address":"0xbfc5c333b096c6a171baa43bb2dfb321e05967da"},{"type":"outgoing","symbol":"ETH","amount":0.4,"address":"0x0000000000000000000000000000000000000000"}]";"0.01905516747230055";"0x7a250d5630b4cf539739df2c5dacb4c659f2488d"
"0xaf1249c5dc840af0295eb89a2ff933ec3e63e9d8f9887b66546ea41e8980dd9c";"1639159041";"";"";"[{"type":"outgoing","symbol":"KTO","amount":327481427664.8149,"address":"0x616ef40d55c0d2c506f4d6873bda8090b79bf8fc"},{"type":"outgoing","symbol":"KTO","amount":25470777707.263382,"address":"0x616ef40d55c0d2c506f4d6873bda8090b79bf8fc"},{"type":"incoming","symbol":"ETH","amount":0.48138803919367873,"address":"0x0000000000000000000000000000000000000000"}]";"0.02821966211768307";"0x7a250d5630b4cf539739df2c5dacb4c659f2488d"
"0xde45d0620e27ea38ae9ea502925cde33115860f7e9ca8f605d78bb8614b62cc2";"1639156419";"";"";"[{"type":"incoming","symbol":"KTO","amount":363829221991.2245,"address":"0x616ef40d55c0d2c506f4d6873bda8090b79bf8fc"},{"type":"outgoing","symbol":"ETH","amount":0.6,"address":"0x0000000000000000000000000000000000000000"}]";"0.033756506446643735";"0x7a250d5630b4cf539739df2c5dacb4c659f2488d"
"0xbdca1edc025ff23424ddc2914282e94fff0cdab61912ed4b0230b5e8b611526e";"1639156359";"";"";"[{"type":"outgoing","symbol":"KTO","amount":413121077063.45233,"address":"0x616ef40d55c0d2c506f4d6873bda8090b79bf8fc"},{"type":"outgoing","symbol":"KTO","amount":32131639327.157402,"address":"0x616ef40d55c0d2c506f4d6873bda8090b79bf8fc"},{"type":"incoming","symbol":"ETH","amount":0.6095941023235271,"address":"0x0000000000000000000000000000000000000000"}]";"0.03323733323745055";"0x7a250d5630b4cf539739df2c5dacb4c659f2488d"
"0xabb48b6d4fa30335eb234b13cd511fc40323982ee4004ee3112dcd76e71f4edc";"1639156162";"";"";"[{"type":"incoming","symbol":"ETH","amount":0.11250148,"address":"0x0000000000000000000000000000000000000000"}]";"0.014637";"0x4976a4a02f38326660d17bf34b431dc6e2eb2327"
"0x2697eecc7d83c0b31a444020a10723be5b977ed16ec91896d69ab587c846f145";"1639115966";"";"";"[{"type":"incoming","symbol":"KTO","amount":458725461417.1037,"address":"0x616ef40d55c0d2c506f4d6873bda8090b79bf8fc"},{"type":"outgoing","symbol":"ETH","amount":0.737,"address":"0x0000000000000000000000000000000000000000"}]";"0.0221915341935832";"0x7a250d5630b4cf539739df2c5dacb4c659f2488d"
"0x59bc69672345ab9fe938699afd02600b0c6e2de35dbe4fae855e5fc6aeeaf0c2";"1639115832";"";"";"[{"type":"outgoing","symbol":"Metis","amount":45.19434336571257,"address":"0x9e32b13ce7f2e80a01932b42553652e053d6ed8e"},{"type":"incoming","symbol":"ETH","amount":0.774366703618599,"address":"0x0000000000000000000000000000000000000000"}]";"0.007354731519228286";"0xe592427a0aece92de3edee1f18e0157c05861564"
"0x7fe5326f49de596e86dfd9d63c36894cacaf07f478bb968626e53edf206e8cae";"1639078662";"";"";"[{"type":"incoming","symbol":"Metis","amount":45.19434336571257,"address":"0x9e32b13ce7f2e80a01932b42553652e053d6ed8e"},{"type":"outgoing","symbol":"ETH","amount":0.7799169834603393,"address":"0x0000000000000000000000000000000000000000"}]";"0.00864133892144164";"0xe592427a0aece92de3edee1f18e0157c05861564"
"0x18e615cb8421e20223bbae2de6b47c73efe6ed7835358dcceeae0e80bf351490";"1639077830";"";"";"[{"type":"outgoing","symbol":"MCD","amount":390063599420822700000,"address":"0x9a26bfcc84b19db20be61e070bae747bfb2f2228"},{"type":"incoming","symbol":"ETH","amount":0.7124866529043011,"address":"0x0000000000000000000000000000000000000000"}]";"0.01156955922137028";"0x7a250d5630b4cf539739df2c5dacb4c659f2488d"
"0x5be84e92d726a402c8cb5034851b5f9ab6fb531e408d5349fda17833e81dfae3";"1639065686";"";"";"[{"type":"incoming","symbol":"MCD","amount":38511619793614450000,"address":"0x9a26bfcc84b19db20be61e070bae747bfb2f2228"},{"type":"outgoing","symbol":"ETH","amount":0.15,"address":"0x0000000000000000000000000000000000000000"}]";"0.018681391123017897";"0x7a250d5630b4cf539739df2c5dacb4c659f2488d"
"0x33b102fe6f57dad0431adf80a6cb529d4d9e86002a31d804db3430d954e845c2";"1639064490";"";"";"[{"type":"incoming","symbol":"ETH","amount":0.08950535,"address":"0x0000000000000000000000000000000000000000"}]";"0.002646";"0x56eddb7aa87536c09ccc2793473599fd21a8b17f"
"0x573166615c9e2d922322f97e500a5c9d80ec15745e12b815c0a8dbd6323217e2";"1639063929";"";"";"[{"type":"incoming","symbol":"MCD","amount":402687398327525600000,"address":"0x9a26bfcc84b19db20be61e070bae747bfb2f2228"},{"type":"outgoing","symbol":"ETH","amount":1.35,"address":"0x0000000000000000000000000000000000000000"}]";"0.01844306882675296";"0x7a250d5630b4cf539739df2c5dacb4c659f2488d"
"0xe6c6439e2e1645ba1b47a6ca707893e89c4a7179efbfa4f2128cd47ed54f6d5d";"1639063736";"";"";"[{"type":"outgoing","symbol":"SATO","amount":133074648198.75629,"address":"0xaf6f6abf18d2cc611921e6a683164efaa9165b43"},{"type":"incoming","symbol":"ETH","amount":1.5528931241366029,"address":"0x0000000000000000000000000000000000000000"}]";"0.02004504704322386";"0x7a250d5630b4cf539739df2c5dacb4c659f2488d"
"0x7fc72b0ffddcf320a6eb14d919cff9f74141aac1ecafb1e58cc245bea3bdbad5";"1638978510";"";"";"[{"type":"incoming","symbol":"SATO","amount":41219834394.70806,"address":"0xaf6f6abf18d2cc611921e6a683164efaa9165b43"},{"type":"outgoing","symbol":"ETH","amount":0.64777,"address":"0x0000000000000000000000000000000000000000"}]";"0.012799094399469612";"0x7a250d5630b4cf539739df2c5dacb4c659f2488d"
"0x2a1013b5768dc70d88cdee84bbed9af7e30ae6b47afb245688a48023b37a80b4";"1638977402";"";"";"[{"type":"incoming","symbol":"ETH","amount":0.63380967,"address":"0x0000000000000000000000000000000000000000"}]";"0.002562";"0xdfd5293d8e347dfe59e90efd55b2956a1343963d"
"0xd55a5a2b312eb1406b0bb45a1fe2cd0ecc629345cd88a36c83979cab70467823";"1638830777";"";"";"[{"type":"incoming","symbol":"SATO","amount":106561097315.38539,"address":"0xaf6f6abf18d2cc611921e6a683164efaa9165b43"},{"type":"outgoing","symbol":"ETH","amount":2.35,"address":"0x0000000000000000000000000000000000000000"}]";"0.02712393914474256";"0x7a250d5630b4cf539739df2c5dacb4c659f2488d"
"0xbde2f9aa256e1e1ad17611b2cb3250b2bfafaa1dadf70a8c3d577ca2b0541caa";"1638830251";"";"";"[{"type":"outgoing","symbol":"Metis","amount":150,"address":"0x9e32b13ce7f2e80a01932b42553652e053d6ed8e"},{"type":"incoming","symbol":"ETH","amount":2.4234730615087914,"address":"0x0000000000000000000000000000000000000000"}]";"0.01800252454773028";"0xe592427a0aece92de3edee1f18e0157c05861564"
"0x2f21cfb05686d0e8b5521f9ec7664c85ce856a2c218886ac5465c4c7dcbf8eaa";"1638829858";"";"";"[{"type":"incoming","symbol":"ETH","amount":0.01941975,"address":"0x0000000000000000000000000000000000000000"}]";"0.003717";"0x4976a4a02f38326660d17bf34b431dc6e2eb2327"
"0xf1fb29fb66d6b2148e7e036e9761fae195a91440fb5de9083f7ef9f1a20d541a";"1638827268";"";"";"[{"type":"incoming","symbol":"ETH","amount":0.001768901081344322,"address":"0x0000000000000000000000000000000000000000"}]";"0.002643149552316";"0x2d485e8abb7c2dc06691f181d3286024880953a6"
"0x13585e9adc231d264166cb5f83fc3721e03f7ffdb1dd6a2addb454ab57865be4";"1638808318";"";"";"[{"type":"incoming","symbol":"Metis","amount":150,"address":"0x9e32b13ce7f2e80a01932b42553652e053d6ed8e"},{"type":"outgoing","symbol":"ETH","amount":2.3560365598686315,"address":"0x0000000000000000000000000000000000000000"}]";"0.01771007387544288";"0xe592427a0aece92de3edee1f18e0157c05861564"
"0xb69fd8fd2c296d92d1eff6157052dc2a7dada9b0d4c894e2375aac2de9639373";"1638807890";"";"";"[{"type":"incoming","symbol":"ETH","amount":1.0174765,"address":"0x0000000000000000000000000000000000000000"}]";"0.002898";"0x9696f59e4d72e237be84ffd425dcad154bf96976"
"0xc31fa51b4e02204156e2a88667d0022f4a63ef670378018995370ac421205de6";"1638806322";"";"";"[{"type":"outgoing","symbol":"Inuyasha","amount":27710745.293532107,"address":"0x5bddbfdc228e1bbdb9ef5ca1dc56b54c4d6d6621"},{"type":"incoming","symbol":"ETH","amount":1.3028489517176562,"address":"0x0000000000000000000000000000000000000000"}]";"0.01812598598323731";"0x7a250d5630b4cf539739df2c5dacb4c659f2488d"
"0xc51f8a57b870d2d02d0c310b267b2a74918e79e3a380ec479adf6eac4854f77b";"1638729742";"";"";"[{"type":"incoming","symbol":"Inuyasha","amount":31488572.021789897,"address":"0x5bddbfdc228e1bbdb9ef5ca1dc56b54c4d6d6621"},{"type":"outgoing","symbol":"ETH","amount":1.75,"address":"0x0000000000000000000000000000000000000000"}]";"0.02051147832494884";"0x7a250d5630b4cf539739df2c5dacb4c659f2488d"
"0xac63bbd436d5b7fac9d93544fdb5f5a963914a368abc83b32def160894da9201";"1638721677";"";"";"[{"type":"outgoing","symbol":"WAGMI","amount":4642822191.820246,"address":"0x1e987df68cc13d271e621ec82e050a1bbd62c180"},{"type":"incoming","symbol":"ETH","amount":1.8087033568555502,"address":"0x0000000000000000000000000000000000000000"}]";"0.06699688004690284";"0x7a250d5630b4cf539739df2c5dacb4c659f2488d"
"0x23613afb30922bce17a8702c01d5c70ae6396abc9f9b1631e50c8c17003ad0c6";"1638428236";"";"";"[{"type":"incoming","symbol":"WAGMI","amount":5152957628.343962,"address":"0x1e987df68cc13d271e621ec82e050a1bbd62c180"},{"type":"outgoing","symbol":"ETH","amount":4.544,"address":"0x0000000000000000000000000000000000000000"}]";"0.02363336246895693";"0x7a250d5630b4cf539739df2c5dacb4c659f2488d"
"0x7e8477aa4ecd3012f6be952e9bb8b71eb1bac2579fa7b8d3927229007504d811";"1638427859";"";"";"[{"type":"outgoing","symbol":"kitty","amount":170768544.16248432,"address":"0x044727e50ff30db57fad06ff4f5846eab5ea52a2"},{"type":"outgoing","symbol":"kitty","amount":18974282.68472048,"address":"0x044727e50ff30db57fad06ff4f5846eab5ea52a2"},{"type":"incoming","symbol":"ETH","amount":4.61990857946901,"address":"0x0000000000000000000000000000000000000000"}]";"0.0349109216554684";"0x7a250d5630b4cf539739df2c5dacb4c659f2488d"
"0x4816f2c7ff98deb14bc7dc6e0ca8d93090c28e01c02080296c3e387e056154f1";"1638171144";"";"";"[{"type":"incoming","symbol":"kitty","amount":189742826.8472048,"address":"0x044727e50ff30db57fad06ff4f5846eab5ea52a2"},{"type":"outgoing","symbol":"ETH","amount":5.8,"address":"0x0000000000000000000000000000000000000000"}]";"0.020768208958030377";"0x7a250d5630b4cf539739df2c5dacb4c659f2488d"
"0xd21853027e616746a8524c8702e28c01c60e563d12f8a73ef4e850f916c5f222";"1638169217";"";"";"[{"type":"outgoing","symbol":"$ET","amount":5592958969.221655,"address":"0x316f17a75978575e9fedc839ba393395a9d83877"},{"type":"incoming","symbol":"ETH","amount":5.854468400399103,"address":"0x0000000000000000000000000000000000000000"}]";"0.038218843810410894";"0x7a250d5630b4cf539739df2c5dacb4c659f2488d"
"0xa5e75be7e42613089225e61cc4232e829fbd5600d52f96d84adb3809c127da43";"1638086601";"";"";"[{"type":"incoming","symbol":"$ET","amount":6207126435.040996,"address":"0x316f17a75978575e9fedc839ba393395a9d83877"},{"type":"outgoing","symbol":"ETH","amount":7.2,"address":"0x0000000000000000000000000000000000000000"}]";"0.012675887152763875";"0x7a250d5630b4cf539739df2c5dacb4c659f2488d"
"0x0d32a823a0c08a9d12ae56b4fc4447eb5a4789aba0294fdae6d6d8567cca2e25";"1638086072";"";"";"[{"type":"outgoing","symbol":"$WEAPON","amount":12565.39338988,"address":"0x3063c77c4ef5c1de185321ae2bc5675e17344f7f"},{"type":"incoming","symbol":"ETH","amount":7.263368043213757,"address":"0x0000000000000000000000000000000000000000"}]";"0.016789627267802816";"0x7a250d5630b4cf539739df2c5dacb4c659f2488d"
"0x9f52864afa7aedf0cbbcddac92284a959b35196020452a58ca6be17720ca7482";"1637907833";"";"";"[{"type":"incoming","symbol":"$WEAPON","amount":13961.548210977,"address":"0x3063c77c4ef5c1de185321ae2bc5675e17344f7f"},{"type":"outgoing","symbol":"ETH","amount":5.75,"address":"0x0000000000000000000000000000000000000000"}]";"0.014212171101523912";"0x7a250d5630b4cf539739df2c5dacb4c659f2488d"
"0xd333432ab32c50253b8d2878150bb2ea2a5703430b147b5e3efd81de119a7127";"1637907729";"";"";"[{"type":"outgoing","symbol":"MSC","amount":3379041623.9015007,"address":"0x7ed037eb22982b839a5f0b67f6a652c9857ccd4d"},{"type":"incoming","symbol":"ETH","amount":5.787513741288929,"address":"0x0000000000000000000000000000000000000000"}]";"0.02438722264268629";"0x7a250d5630b4cf539739df2c5dacb4c659f2488d"
"0xbb5f1636f0fe98def3961975043e4b006120e126413895b4d0b87a73fe55efbe";"1637885235";"";"";"[{"type":"incoming","symbol":"MSC","amount":630189942.2414224,"address":"0x7ed037eb22982b839a5f0b67f6a652c9857ccd4d"},{"type":"outgoing","symbol":"ETH","amount":1.5,"address":"0x0000000000000000000000000000000000000000"}]";"0.01336674280825737";"0x7a250d5630b4cf539739df2c5dacb4c659f2488d"
"0xb0cb51f80afd3279b758a1749e432583ffedadd95ccee01bf73c11cd541c91bd";"1637885152";"";"";"[{"type":"outgoing","symbol":"Metis","amount":60.366213674299544,"address":"0x9e32b13ce7f2e80a01932b42553652e053d6ed8e"},{"type":"incoming","symbol":"ETH","amount":1.5123986195373487,"address":"0x0000000000000000000000000000000000000000"}]";"0.01227084635402986";"0xe592427a0aece92de3edee1f18e0157c05861564"
"0xe70112f666ca2d5675d22ecff93b81bc4654f4553a64068c5f52728dd20141af";"1637883038";"";"";"[{"type":"incoming","symbol":"MSC","amount":462398311.1106773,"address":"0x7ed037eb22982b839a5f0b67f6a652c9857ccd4d"},{"type":"outgoing","symbol":"ETH","amount":1.5,"address":"0x0000000000000000000000000000000000000000"}]";"0.009938807405145498";"0x7a250d5630b4cf539739df2c5dacb4c659f2488d"
"0xbe0bc57625555b700639a735b5bf640dc4c3da6cd502246e77a6888e9b725168";"1637882905";"";"";"[{"type":"outgoing","symbol":"Metis","amount":58.68279349515085,"address":"0x9e32b13ce7f2e80a01932b42553652e053d6ed8e"},{"type":"incoming","symbol":"ETH","amount":1.5,"address":"0x0000000000000000000000000000000000000000"}]";"0.011394277081560367";"0xe592427a0aece92de3edee1f18e0157c05861564"
"0x5aa9b2e88ed3fcb4aaf88d1bff699ec3d3c376649098b2139586420067372ff6";"1637871656";"";"";"[{"type":"incoming","symbol":"MSC","amount":484817840.8784843,"address":"0x7ed037eb22982b839a5f0b67f6a652c9857ccd4d"},{"type":"outgoing","symbol":"ETH","amount":1.9,"address":"0x0000000000000000000000000000000000000000"}]";"0.016288133245014737";"0x7a250d5630b4cf539739df2c5dacb4c659f2488d"
"0x56b81664232dfdb2f380fbfdbcd82c46c2e3d431de3b196f70e5812f6cca3832";"1637871531";"";"";"[{"type":"outgoing","symbol":"Metis","amount":79.38831186874916,"address":"0x9e32b13ce7f2e80a01932b42553652e053d6ed8e"},{"type":"incoming","symbol":"ETH","amount":2,"address":"0x0000000000000000000000000000000000000000"}]";"0.01732981478079145";"0xe592427a0aece92de3edee1f18e0157c05861564"
"0x4995c1262b80143ec7db02e9cad1cb5304fb3992c41fcc6e50f5da1ed89c261c";"1637864838";"";"";"[{"type":"incoming","symbol":"MSC","amount":101290483.78501795,"address":"0x7ed037eb22982b839a5f0b67f6a652c9857ccd4d"},{"type":"outgoing","symbol":"ETH","amount":0.3444,"address":"0x0000000000000000000000000000000000000000"}]";"0.018036792934506808";"0x7a250d5630b4cf539739df2c5dacb4c659f2488d"
"0xcaaa59935492b9cb0f221aec3c34dda751f5214aa38af4ce741af5275922a85f";"1637864613";"";"";"[{"type":"incoming","symbol":"ETH","amount":0.25,"address":"0x0000000000000000000000000000000000000000"}]";"0.002519556843489";"0x2d485e8abb7c2dc06691f181d3286024880953a6"
"0xbb3f07ec13aa60075191d5179b098d1ca90865d0bb75feee6a30f2697d25863e";"1637858539";"";"";"[{"type":"incoming","symbol":"MSC","amount":459567101.2081412,"address":"0x7ed037eb22982b839a5f0b67f6a652c9857ccd4d"},{"type":"outgoing","symbol":"ETH","amount":1.85,"address":"0x0000000000000000000000000000000000000000"}]";"0.017501364521333825";"0x7a250d5630b4cf539739df2c5dacb4c659f2488d"
"0x0a85486e32b2f37e7a78f94bdd457fd4666e5cd2a555a1fadd0dfcce8a41ed77";"1637858401";"";"";"[{"type":"outgoing","symbol":"Metis","amount":82.28704626660054,"address":"0x9e32b13ce7f2e80a01932b42553652e053d6ed8e"},{"type":"incoming","symbol":"ETH","amount":2,"address":"0x0000000000000000000000000000000000000000"}]";"0.021707082031258648";"0xe592427a0aece92de3edee1f18e0157c05861564"
"0xb96d650fc23b8065135c94f5b18526e01875dd37dab9449a608a01b58a4004c0";"1637822933";"";"";"[{"type":"incoming","symbol":"MSC","amount":513313430.5871002,"address":"0x7ed037eb22982b839a5f0b67f6a652c9857ccd4d"},{"type":"outgoing","symbol":"ETH","amount":2,"address":"0x0000000000000000000000000000000000000000"}]";"0.016975939556919735";"0x7a250d5630b4cf539739df2c5dacb4c659f2488d"
"0xd71ae1f456da941bc8b5f819a448b9795578d8793b4889d7c25259a2681b47bb";"1637822860";"";"";"[{"type":"outgoing","symbol":"Metis","amount":80.71491639917495,"address":"0x9e32b13ce7f2e80a01932b42553652e053d6ed8e"},{"type":"incoming","symbol":"ETH","amount":2,"address":"0x0000000000000000000000000000000000000000"}]";"0.012680266325976308";"0xe592427a0aece92de3edee1f18e0157c05861564"
"0xf182dbbcac3636376672d31c6e2ce5f8d4ff0b3456b8c9d52f16d097e1c3f226";"1637822388";"";"";"[{"type":"incoming","symbol":"ABSHIBA.com","amount":8824230,"address":"0x265befe2b1a0f4f646dea96ba09c1656b74bda91"}]";"0.01929749155945326";"0x265befe2b1a0f4f646dea96ba09c1656b74bda91"
"0xdd06714faba8ad4771213c2bb1dbadba7b609ab3a5e77131081affec533a4c5b";"1637822246";"";"";"[{"type":"incoming","symbol":"MSC","amount":777805075.2021066,"address":"0x7ed037eb22982b839a5f0b67f6a652c9857ccd4d"},{"type":"outgoing","symbol":"ETH","amount":2.9,"address":"0x0000000000000000000000000000000000000000"}]";"0.01693755414057564";"0x7a250d5630b4cf539739df2c5dacb4c659f2488d"
"0x2bf8e3b798773a28e8e03e76ad81b50e5c9cb057bb2c3b433e776c9273e1462d";"1637821915";"";"";"[{"type":"outgoing","symbol":"Metis","amount":119.70852330183762,"address":"0x9e32b13ce7f2e80a01932b42553652e053d6ed8e"},{"type":"incoming","symbol":"ETH","amount":3,"address":"0x0000000000000000000000000000000000000000"}]";"0.015689400532631393";"0xe592427a0aece92de3edee1f18e0157c05861564"
"0x1ed92afb4f81625c582b351b8836abc61955250da97defb06dab68f28c578d25";"1637695677";"";"";"[{"type":"incoming","symbol":"ETH","amount":0.030925575971045925,"address":"0x0000000000000000000000000000000000000000"}]";"0.002645091549828";"0x2d485e8abb7c2dc06691f181d3286024880953a6"
"0xaeb7f4ae80d298f7e283104f5ecbd14ac32ea307abf8d6b3bee95791b96484ad";"1636736520";"";"";"[{"type":"incoming","symbol":"Metis","amount":22.9,"address":"0x9e32b13ce7f2e80a01932b42553652e053d6ed8e"},{"type":"outgoing","symbol":"ETH","amount":0.4829641763149524,"address":"0x0000000000000000000000000000000000000000"}]";"0.01626702953541778";"0xe592427a0aece92de3edee1f18e0157c05861564"
"0xfd68bc8327bd0cb0a7befa3a165b5b7f6696127a7403fd6b38dff18e30cfa2b2";"1636736191";"";"";"[{"type":"incoming","symbol":"ETH","amount":0.4900164,"address":"0x0000000000000000000000000000000000000000"}]";"0.003864";"0x4976a4a02f38326660d17bf34b431dc6e2eb2327"
"0x1d98341a44e38a97834f32a68734fba409b05fe1d2f3e5c72221e220c6b27f9c";"1636399855";"";"";"[{"type":"incoming","symbol":"Metis","amount":28.24780500581267,"address":"0x9e32b13ce7f2e80a01932b42553652e053d6ed8e"},{"type":"outgoing","symbol":"ETH","amount":0.5554011774972618,"address":"0x0000000000000000000000000000000000000000"}]";"0.01802283741847072";"0xe592427a0aece92de3edee1f18e0157c05861564"
"0xbd2e2294858166b506394c2b75c81740c23ce9fafc6428ba58b38b261a95ac58";"1636399596";"";"";"[{"type":"incoming","symbol":"ETH","amount":0.5722222,"address":"0x0000000000000000000000000000000000000000"}]";"0.026334";"0x28c6c06298d514db089934071355e5743bf21d60"
"0x4f798373efddf96460ef2e4a9f55c25fb6ff886eb296290bb59e5d2fccafc3ae";"1636142231";"";"";"[{"type":"incoming","symbol":"Metis","amount":28,"address":"0x9e32b13ce7f2e80a01932b42553652e053d6ed8e"},{"type":"outgoing","symbol":"ETH","amount":0.4722145244489994,"address":"0x0000000000000000000000000000000000000000"}]";"0.01780368635657448";"0xe592427a0aece92de3edee1f18e0157c05861564"
"0xfe8a7722f3245877c976fa4a91adffef575e4732af5d92ef9374dd434de3e040";"1636133844";"";"";"[{"type":"incoming","symbol":"ETH","amount":0.4753939495196219,"address":"0x0000000000000000000000000000000000000000"}]";"0.002682258359823";"0x2d485e8abb7c2dc06691f181d3286024880953a6"
"0xefa03a7dbfaebe5c76b8c85ac6035109db1e649c04b6b436320a2ac3669e890e";"1636046083";"";"";"[{"type":"incoming","symbol":"Metis","amount":36,"address":"0x9e32b13ce7f2e80a01932b42553652e053d6ed8e"},{"type":"outgoing","symbol":"ETH","amount":0.5369567531455034,"address":"0x0000000000000000000000000000000000000000"}]";"0.01425345209710212";"0xe592427a0aece92de3edee1f18e0157c05861564"
"0x4589c17ea27bd8f4801999d33ea235e6b6149f3bb4b2d4636529446690385e55";"1636045737";"";"";"[{"type":"incoming","symbol":"ETH","amount":0.55021071,"address":"0x0000000000000000000000000000000000000000"}]";"0.004641";"0x4976a4a02f38326660d17bf34b431dc6e2eb2327"
"0xffc8e715f1edab585cfc15efe454353d7fec74eb593cf4b03a3afc3ed4f763fe";"1635230581";"";"";"[{"type":"incoming","symbol":"Metis","amount":139,"address":"0x9e32b13ce7f2e80a01932b42553652e053d6ed8e"},{"type":"outgoing","symbol":"ETH","amount":2.154592949344076,"address":"0x0000000000000000000000000000000000000000"}]";"0.010718995083388113";"0xe592427a0aece92de3edee1f18e0157c05861564"
"0xb65575a2694be80eefb43d32d2ec24592d512345f82393b1bfb35aa30df9db3c";"1635228811";"";"";"[{"type":"incoming","symbol":"ETH","amount":2.1662511724334204,"address":"0x0000000000000000000000000000000000000000"}]";"0.002071844395929";"0x2d485e8abb7c2dc06691f181d3286024880953a6"
"0xd2c7a9921d3b6b5eec9dd63ad14160572e9af84a77efd7564e9d1fcaa7366456";"1635228727";"";"";"[{"type":"incoming","symbol":"ETH","amount":0.02,"address":"0x0000000000000000000000000000000000000000"}]";"0.001955567279043";"0x2d485e8abb7c2dc06691f181d3286024880953a6"
"0x06a6f8841857c076050c604256114c964405099595898e687b53296ef6ae4bcd";"1634914137";"";"";"[{"type":"incoming","symbol":"Metis","amount":21,"address":"0x9e32b13ce7f2e80a01932b42553652e053d6ed8e"},{"type":"outgoing","symbol":"ETH","amount":0.2929325607445753,"address":"0x0000000000000000000000000000000000000000"}]";"0.014907051274248862";"0xe592427a0aece92de3edee1f18e0157c05861564"
"0xb903657223ee56cae4a28fb84a69df2d99a6ac1797e5200ffef49f45e2035b1e";"1634913923";"";"";"[{"type":"incoming","symbol":"ETH","amount":0.2944003,"address":"0x0000000000000000000000000000000000000000"}]";"0.004494";"0xdfd5293d8e347dfe59e90efd55b2956a1343963d"
"0xbf1b8d10f1fcad15a814d9b544bb148e9104ad5696e370dc7c64e853ef62612e";"1634913376";"";"";"[{"type":"incoming","symbol":"ETH","amount":0.012481,"address":"0x0000000000000000000000000000000000000000"}]";"0.002608025266791";"0x2d485e8abb7c2dc06691f181d3286024880953a6"
"0x1882d81bcfac07bf883226c72563fa61c10b64875ff641716d63f8892f27d294";"1634859835";"";"";"[{"type":"incoming","symbol":"Metis","amount":54,"address":"0x9e32b13ce7f2e80a01932b42553652e053d6ed8e"},{"type":"outgoing","symbol":"ETH","amount":0.6861627455721695,"address":"0x0000000000000000000000000000000000000000"}]";"0.00650818690908022";"0xe592427a0aece92de3edee1f18e0157c05861564"
"0xe41a7b0b813552392cf865dafc82b07b0738148b0252ad4efb98864bdf13d8ce";"1634859480";"";"";"[{"type":"incoming","symbol":"ETH","amount":0.7037905,"address":"0x0000000000000000000000000000000000000000"}]";"0.00252";"0x56eddb7aa87536c09ccc2793473599fd21a8b17f"
"0x8ab961e5e34c61edae89c8e9f4f05d6cd4790fb55c7222146b309b596da75016";"1634753125";"";"";"[{"type":"incoming","symbol":"Metis","amount":22,"address":"0x9e32b13ce7f2e80a01932b42553652e053d6ed8e"},{"type":"outgoing","symbol":"ETH","amount":0.23456083600503796,"address":"0x0000000000000000000000000000000000000000"}]";"0.009275113475025064";"0xe592427a0aece92de3edee1f18e0157c05861564"
"0x6a2a7599e7316bbf62fb6eb0d720a47823928fa1c019a3c01e86771ee50d0c4a";"1634752286";"";"";"[{"type":"incoming","symbol":"ETH","amount":0.2465382,"address":"0x0000000000000000000000000000000000000000"}]";"0.003528";"0x28c6c06298d514db089934071355e5743bf21d60"
"0x5300cc9c8a5ef8b3967fcec0490622b116d1183778e84c28fd06632caabbcf44";"1634751819";"";"";"[{"type":"incoming","symbol":"ETH","amount":0.005,"address":"0x0000000000000000000000000000000000000000"}]";"0.003087";"0x4976a4a02f38326660d17bf34b431dc6e2eb2327"
"0xfdd96fff8558489fe15df5ae340eaf519c28d31a2869f7f298100c58c17bbccb";"1634560673";"";"";"[{"type":"incoming","symbol":"Metis","amount":129,"address":"0x9e32b13ce7f2e80a01932b42553652e053d6ed8e"}]";"0.002276492753308228";"0x2d485e8abb7c2dc06691f181d3286024880953a6"
"0x2333c020967024e0ede662058d2a141f6ee93aa4b98d17b401f81b0e1bf5e55a";"1634560584";"";"";"[{"type":"incoming","symbol":"Metis","amount":1,"address":"0x9e32b13ce7f2e80a01932b42553652e053d6ed8e"}]";"0.004218220048208498";"0x2d485e8abb7c2dc06691f181d3286024880953a6"